dsurqe_struct,abi_struct,contrast,study,nWt,nTg,g,g_lower,g_upper
Cingulate cortex: area 25,Infralimbic area,15q_WT_n10_pDp_n10,15q,10,10,-1.2201939426368806,-2.134373022024809,-0.2783770059903258
Ventral tenia tecta,"Taenia tecta, ventral part",15q_WT_n10_pDp_n10,15q,10,10,-1.0570372940651167,-1.951211669480243,-0.13780665665245387
CA3Py Outer,"Field CA3, pyramidal layer",15q_WT_n10_pDp_n10,15q,10,10,-1.1619363255301491,-2.0686567358909542,-0.22845354668667076
CA3Rad,"Field CA3, stratum radiatum",15q_WT_n10_pDp_n10,15q,10,10,-1.0695318176597548,-1.9651396856983936,-0.14865591510172493
SLu,"Field CA3, stratum lucidum",15q_WT_n10_pDp_n10,15q,10,10,-1.106894066947445,-2.006887572882728,-0.18101272983862687
dentate nucleus,Dentate nucleus,15q_wMat_WT_n8_MDp_n9,15q,8,9,-1.8204728993031056,-2.911192350157661,-0.6897405342575703
Cingulate cortex: area 32,Prelimbic area,15q_wMat_WT_n8_MDp_n9,15q,8,9,1.0239225236263043,0.03527156818219505,1.983397997266209
Medial entorhinal cortex,"Entorhinal area, medial part, ventral zone",15q_wMat_WT_n8_MDp_n9,15q,8,9,-1.2037010973596678,-2.1869978236961107,-0.1878153473944234
nucleus interpositus,Interposed nucleus,15q_wMat_WT_n8_MDp_n9,15q,8,9,-1.3847405798119496,-2.395680300575461,-0.3383752954720417
PoDG,"Dentate gyrus, granule cell layer",15q_wMat_WT_n8_MDp_n9,15q,8,9,-1.0528751902328508,-2.015930970671878,-0.06005318096062601
"Accessory olfactory bulb: glomerular, external plexiform and mitral cell layer","Accessory olfactory bulb, glomerular layer",15q_wMat_WT_n8_MDp_n9,15q,8,9,-1.2880142724477068,-2.283746071554025,-0.2582985866204222
Accessory olfactory bulb: granule cell layer,"Accessory olfactory bulb, granular layer",15q_wMat_WT_n8_MDp_n9,15q,8,9,-1.0160381169620556,-1.9745558466421231,-0.02850814573577019
Caudomedial entorhinal cortex,"Entorhinal area, medial part, dorsal zone",16p11_WT_n9_dp_n11,16p11,9,11,1.0519895378654616,0.12948367048971532,1.949491235825958
Medial entorhinal cortex,"Entorhinal area, medial part, ventral zone",16p11_WT_n9_dp_n11,16p11,9,11,1.8112612108010808,0.766374479514995,2.8222335103967926
pontine nucleus,Pontine reticular nucleus,16p11_WT_n9_dp_n11,16p11,9,11,-1.359378707828608,-2.2964512836724627,-0.3927201918294789
Perirhinal cortex,Perirhinal area,16p11_WT_n9_dp_n11,16p11,9,11,0.9226821504261404,0.01622936600958557,1.8064842291523928
basal forebrain,"Pallidum, ventral region",16p11_WT_n9_df_n11,16p11,9,11,0.9184035838311616,0.01245496201433566,1.801783808407216
fundus of striatum,Fundus of striatum,16p11_WT_n9_df_n11,16p11,9,11,1.0798144447268,0.15365090061551975,1.980500463978236
Claustrum: dorsal part,Claustrum,16p11_WT_n9_df_n11,16p11,9,11,1.027078557947802,0.1077872493874472,1.9217993857829616
Dorsal nucleus of the endopiriform,"Endopiriform nucleus, dorsal part",16p11_WT_n9_df_n11,16p11,9,11,1.1523978413568563,0.2163651880396121,2.061773473607223
Medial entorhinal cortex,"Entorhinal area, medial part, ventral zone",16p11_WT_n9_df_n11,16p11,9,11,1.269268383904067,0.31638160201387683,2.1937661221510782
Claustrum: ventral part,Claustrum,16p11_WT_n9_df_n11,16p11,9,11,1.054192180655091,0.1313993727706497,1.9519428109288364
Ventral nucleus of the endopiriform claustrum,"Endopiriform nucleus, ventral part",16p11_WT_n9_df_n11,16p11,9,11,0.9476364544084076,0.03820929443225022,1.8339392515074828
globus pallidus,"Pallidum, dorsal region",22q11_WT_n10_DEL_n10,22q11,10,10,0.97823851284526675,0.06905333311181638,1.8637599688900883
basal forebrain,"Pallidum, ventral region",22q11_WT_n10_DEL_n10,22q11,10,10,0.9190513203043504,0.01702496070672934,1.798521444836789
nucleus accumbens,Nucleus accumbens,22q11_WT_n10_DEL_n10,22q11,10,10,1.1618451387267414,0.22837523905740215,2.068554253792679
Dorsolateral entorhinal cortex,"Entorhinal area, lateral part",22q11_WT_n10_DEL_n10,22q11,10,10,-1.2732976155852709,-2.1945714722905345,-0.3236326183869807
Dorsolateral orbital cortex,"Agranular insular area, dorsal part",22q11_WT_n10_DEL_n10,22q11,10,10,0.9704377532975508,0.06221546671790568,1.855139384375566
Perirhinal cortex,Perirhinal area,22q11_WT_n10_DEL_n10,22q11,10,10,-1.337984430822288,-2.2682725123077017,-0.37844402947040257
Ventral nucleus of the endopiriform claustrum,"Endopiriform nucleus, ventral part",22q11_WT_n10_DEL_n10,22q11,10,10,1.0507402171692095,0.13233391388262974,1.9441985063621607
CA2Py,"Field CA2, pyramidal layer",22q11_WT_n10_DEL_n10,22q11,10,10,-0.9013019086508663,-1.7790338634655942,-0.00135635020432178
CA2Rad,"Field CA2, stratum radiatum",22q11_WT_n10_DEL_n10,22q11,10,10,-0.9557374415964638,-1.8389124367914336,-0.04931363204170567
Cingulate cortex: area 29b,"Retrosplenial area, ventral part",AndR_WT_n22_12Q_Het_n11,AndR,22,11,0.7364240393805418,0.00156281436944596,1.4601734660114372
fundus of striatum,Fundus of striatum,AndR_WT_n22_12Q_Het_n11,AndR,22,11,0.901314304454449,0.15411857472658627,1.6353076335929058
Primary visual cortex,Primary visual area,AndR_WT_n22_12Q_Het_n11,AndR,22,11,0.8196917377660967,0.07885195120033982,1.5483395191033802
Primary visual cortex: monocular area,posteromedial visual area,AndR_WT_n22_12Q_Het_n11,AndR,22,11,0.9706445520345416,0.21767438964011895,1.7095930517020004
Secondary visual cortex: mediolateral area,Anteromedial visual area,AndR_WT_n22_12Q_Het_n11,AndR,22,11,0.8534393664398547,0.11003025866715038,1.5842326832286842
Secondary visual cortex: mediomedial area,Posterior parietal association areas,AndR_WT_n22_12Q_Het_n11,AndR,22,11,0.9539901164835258,0.202437610284154,1.6917137265494109
Piriform cortex,Piriform area,AndR_WT_n22_12Q_n17,AndR,22,17,0.6751148864274099,0.03216953123566152,1.3094739036583012
paramedian lobule (lobule 7),Paramedian lobule,AndR_WT_n22_12Q_n17,AndR,22,17,0.6685654836230318,0.02601247365227214,1.3026060040470908
dentate nucleus,Dentate nucleus,AndR_WT_n22_21Q_Het_n7,AndR,22,7,-0.9500585255187902,-1.806282983213985,-0.0777711387205016
Amygdalopiriform transition area,Postpiriform transition area,AndR_WT_n22_21Q_Het_n7,AndR,22,7,1.238974190629774,0.3394076092897288,2.118734618223111
Rostral amygdalopiriform area,Piriform-amygdalar area,AndR_WT_n22_21Q_Het_n7,AndR,22,7,1.0916709885254408,0.20671593022018375,1.9586427277127405
Primary somatosensory cortex: forelimb region,"Primary somatosensory area, upper limb",AndR_WT_n22_21Q_Het_n7,AndR,22,7,0.8693508141325123,0.00365283091365917,1.720150832629656
CA3Py Outer,"Field CA3, pyramidal layer",AndR_WT_n22_21Q_Het_n7,AndR,22,7,-0.9006564643079508,-1.753499243149974,-0.03245790564484844
MoDG,"Dentate gyrus, molecular layer",AndR_WT_n22_21Q_Het_n7,AndR,22,7,-0.874359397098038,-1.725480804990695,-0.00826603483090828
Cingulate cortex: area 24a',"Anterior cingulate area, ventral part",AndR_WT_n22_21Q_n12,AndR,22,12,-0.968218001939471,-1.6876964593343282,-0.235213439770145
Cingulate cortex: area 29b,"Retrosplenial area, ventral part",AndR_WT_n22_21Q_n12,AndR,22,12,0.807732559724772,0.087448042981401,1.516371817558868
Claustrum: dorsal part,Claustrum,AndR_WT_n22_21Q_n12,AndR,22,12,0.7364562694947187,0.02122038604543314,1.4409414845074535
Dorsal nucleus of the endopiriform,"Endopiriform nucleus, dorsal part",AndR_WT_n22_21Q_n12,AndR,22,12,0.856205078274692,0.13227325566235337,1.567903233471643
Intermediate nucleus of the endopiriform claustrum,"Endopiriform nucleus, dorsal part",AndR_WT_n22_21Q_n12,AndR,22,12,0.7812722597119798,0.06290656312529769,1.4883215454351313
Medial orbital cortex,"Orbital area, medial part",AndR_WT_n22_21Q_n12,AndR,22,12,-0.940078440440242,-1.657510061444512,-0.2094365264594775
Piriform cortex,Piriform area,AndR_WT_n22_21Q_n12,AndR,22,12,0.7954584761595301,0.0760700340206759,1.5033529859840276
crus 1: ansiform lobule (lobule 6),Crus 1,AndR_WT_n22_21Q_n12,AndR,22,12,0.9333812481016344,0.20329329044784156,1.650334748352559
Rostral amygdalopiriform area,Piriform-amygdalar area,AndR_WT_n22_21Q_n12,AndR,22,12,0.9018524105981376,0.17433084525541517,1.6166025473306704
Primary somatosensory cortex: shoulder region,"Primary somatosensory area, trunk",AndR_WT_n22_21Q_n12,AndR,22,12,0.7829260733490961,0.06444148134651699,1.4900727517495505
Secondary somatosensory cortex,Supplemental somatosensory area,AndR_WT_n22_21Q_n12,AndR,22,12,0.77718426587059,0.05910964686410647,1.483992166217481
Claustrum: ventral part,Claustrum,AndR_WT_n22_21Q_n12,AndR,22,12,1.1102310020779045,0.36447408726605174,1.840958588203373
Ventral orbital cortex,"Orbital area, ventrolateral part",AndR_WT_n22_21Q_n12,AndR,22,12,-0.7526774476674797,-1.4580716061158985,-0.03632568147909446
CA2Py,"Field CA2, pyramidal layer",AndR_WT_n22_21Q_n12,AndR,22,12,0.7782555683527896,0.06010464792750426,1.4851268628177976
CA20r,"Field CA2, stratum oriens",AndR_WT_n22_21Q_n12,AndR,22,12,1.073441857583935,0.33111936412017345,1.8011099452115718
GrDG,"Dentate gyrus, granule cell layer",AndR_WT_n22_21Q_n12,AndR,22,12,-0.7291503781479467,-1.4332330727115279,-0.0144103551623731
Medial preoptic nucleus,Medial preoptic nucleus,AndR_WT_n22_21Q_n12,AndR,22,12,-0.7619079882713342,-1.4678291050470471,-0.0449125138228704
Cingulate cortex: area 24a',"Anterior cingulate area, ventral part",AndR_WT_n22_48Q_Het_n10,AndR,22,10,-0.7986275529394204,-1.548359029513485,-0.03655179497999153
Cingulate cortex: area 29b,"Retrosplenial area, ventral part",AndR_WT_n22_48Q_Het_n10,AndR,22,10,0.8272568406776051,0.06303939617191415,1.578750786045855
Posteromedial cortical amygdaloid area,"Cortical amygdalar area, posterior part, medial zone",AndR_WT_n22_48Q_Het_n10,AndR,22,10,-0.8013387066731664,-1.5512341660988267,-0.03906265476844949
Olfactory bulb: granule cell layer,"Main olfactory bulb, granule layer",AndR_WT_n22_48Q_Het_n10,AndR,22,10,-0.7742531572000207,-1.522536678559607,-0.01395256206860769
Cingulate cortex: area 29b,"Retrosplenial area, ventral part",AndR_WT_n22_48Q_n15,AndR,22,15,0.822290921379517,0.14672801520297735,1.4870759766820494
Cingulate cortex: area 32,Prelimbic area,AndR_WT_n22_48Q_n15,AndR,22,15,-0.8031500475520942,-1.4667756315618146,-0.12895916465713725
medial septum,Medial septal complex,AndR_WT_n22_48Q_n15,AndR,22,15,-0.7412609321218803,-1.401334538669059,-0.07132569930537756
Dorsal nucleus of the endopiriform,"Endopiriform nucleus, dorsal part",AndR_WT_n22_48Q_n15,AndR,22,15,0.7398259359805074,0.0699860546692525,1.399820989724625
Dorsal tenia tecta,"Taenia tecta, dorsal part",AndR_WT_n22_48Q_n15,AndR,22,15,-0.7156860151788299,-1.374380639500964,-0.04742771904143013
Ectorhinal cortex,Ectorhinal area,AndR_WT_n22_48Q_n15,AndR,22,15,0.6772225508707201,0.0113954527589307,1.3339419304483973
Frontal cortex: area 3,Primary motor area,AndR_WT_n22_48Q_n15,AndR,22,15,0.9271958298969026,0.2436541660072222,1.5988392545145376
Insular region: not subdivided,Ectorhinal area,AndR_WT_n22_48Q_n15,AndR,22,15,0.7451933118432302,0.07499597598563171,1.4054837323993246
Medial orbital cortex,"Orbital area, medial part",AndR_WT_n22_48Q_n15,AndR,22,15,-0.8723559534002614,-1.540308592678843,-0.193081403060766
Piriform cortex,Piriform area,AndR_WT_n22_48Q_n15,AndR,22,15,0.6771869878011388,0.0113621669328212,1.3339046128814416
anterior lobule  (lobules 4-5),Lobules IV-V,AndR_WT_n22_48Q_n15,AndR,22,15,0.8999143309159192,0.21852176609487892,1.5696929111602245
Rostral amygdalopiriform area,Piriform-amygdalar area,AndR_WT_n22_48Q_n15,AndR,22,15,0.6729427213685785,0.00737999579235992,1.3294496269391076
Primary somatosensory cortex: hindlimb region,"Primary somatosensory area, lower limb",AndR_WT_n22_48Q_n15,AndR,22,15,0.7520336643539354,0.08137763253891503,1.412704005121467
Secondary somatosensory cortex,Supplemental somatosensory area,AndR_WT_n22_48Q_n15,AndR,22,15,0.7300934294733824,0.06089611506533557,1.3895585281606335
Temporal association area,Temporal association areas,AndR_WT_n22_48Q_n15,AndR,22,15,0.7552802263984713,0.08440529983760404,1.4161319806510684
Claustrum: ventral part,Claustrum,AndR_WT_n22_48Q_n15,AndR,22,15,0.7895041198801122,0.11627542571025078,1.452320607623146
Ventral nucleus of the endopiriform claustrum,"Endopiriform nucleus, ventral part",AndR_WT_n22_48Q_n15,AndR,22,15,0.6849915268637613,0.01868221466912856,1.342100246530316
Ventral orbital cortex,"Orbital area, ventrolateral part",AndR_WT_n22_48Q_n15,AndR,22,15,-0.7394349723266681,-1.3994086197152311,-0.06962102998283261
thalamus,Thalamus,AndR_WT_n22_48Q_n15,AndR,22,15,0.6747610281136829,0.00908588785834726,1.3313579664559156
CA20r,"Field CA2, stratum oriens",AndR_WT_n22_48Q_n15,AndR,22,15,0.6890181359473173,0.02245727682223355,1.346330697704202
Olfactory bulb: external plexiform layer,"Main olfactory bulb, outer plexiform layer",AndR_WT_n22_48Q_n15,AndR,22,15,-0.6745571790609106,-1.3311440731747637,-0.00889446092552888
Olfactory bulb: mitral cell layer,"Main olfactory bulb, mitral layer",AndR_WT_n22_48Q_n15,AndR,22,15,-0.7685288920572356,-1.4301301884350623,-0.09675266205365916
Olfactory bulb: internal plexiform layer,"Main olfactory bulb, inner plexiform layer",AndR_WT_n22_48Q_n15,AndR,22,15,-0.7543560792247916,-1.4151560878996177,-0.08354357840051935
Olfactory bulb: granule cell layer,"Main olfactory bulb, granule layer",AndR_WT_n22_48Q_n15,AndR,22,15,-0.6710466819274618,-1.327460187247298,-0.00559962303278083
Cortex-amygdala transition zones,Piriform area,Arid1b_WT_n1_Arid1b_n13,Arid1b,1,13,-2.369314816151911,-4.452024807886236,-0.20804929340481004
mammillary bodies,Mammillary body,Arid1b_WT_n1_Arid1b_n13,Arid1b,1,13,-2.908806946329271,-5.089434772104897,-0.6404438123599182
Olfactory bulb: glomerular layer,"Main olfactory bulb, glomerular layer",Arid1b_WT_n1_Arid1b_n13,Arid1b,1,13,2.5240380531112088,0.33354489231469775,4.632995888449124
Olfactory bulb: external plexiform layer,"Main olfactory bulb, outer plexiform layer",Arid1b_WT_n1_Arid1b_n13,Arid1b,1,13,2.2772678017490504,0.13279043099173626,4.345100585948941
Cingulate cortex: area 24a,"Anterior cingulate area, ventral part",BALBC_WT_n9_BALBC_n12,BALBC,9,12,-1.1596896352310966,-2.053804622864784,-0.2401119361816316
Cingulate cortex: area 24a',"Anterior cingulate area, ventral part",BALBC_WT_n9_BALBC_n12,BALBC,9,12,-1.0186848147725898,-1.8968794206030075,-0.11727842135588304
Cingulate cortex: area 25,Infralimbic area,BALBC_WT_n9_BALBC_n12,BALBC,9,12,-1.0401753693085274,-1.920664316126945,-0.13611293820855733
globus pallidus,"Pallidum, dorsal region",BALBC_WT_n9_BALBC_n12,BALBC,9,12,-1.4194092996740124,-2.347917007581183,-0.46202501306525007
Medial orbital cortex,"Orbital area, medial part",BALBC_WT_n9_BALBC_n12,BALBC,9,12,-0.9198427803905976,-1.7881081438245416,-0.03011110704577141
crus 1: ansiform lobule (lobule 6),Crus 1,BALBC_WT_n9_BALBC_n12,BALBC,9,12,0.8897179351185871,0.00336339298229924,1.7551651717381649
paramedian lobule (lobule 7),Paramedian lobule,BALBC_WT_n9_BALBC_n12,BALBC,9,12,-1.4468482538413443,-2.379349777233315,-0.4851624310628759
Ventral orbital cortex,"Orbital area, ventrolateral part",BALBC_WT_n9_BALBC_n12,BALBC,9,12,-0.9049165314920572,-1.7717734265574687,-0.016869277630594
Ventral tenia tecta,"Taenia tecta, ventral part",BALBC_WT_n9_BALBC_n12,BALBC,9,12,1.0722980947740712,0.16418818934346227,1.9563068576223797
copula: pyramis (lobule 8),Copula pyramidis,BALBC_WT_n9_BALBC_n12,BALBC,9,12,-1.5550503974635088,-2.5039341327143063,-0.5758675860242597
lateral septum,Lateral septal complex,BALBC_WT_n9_BALBC_n12,BALBC,9,12,-1.1154136415388458,-2.004312370519435,-0.20172864197338544
CA10r,"Field CA1, stratum oriens",BALBC_WT_n9_BALBC_n12,BALBC,9,12,-0.9115720309193248,-1.7790538878184703,-0.02277621947833194
anterior lobule  (lobules 4-5),Lobules IV-V,BTBR_WT_n12_BTBR_n12,BTBR,12,12,-1.531935297186085,-2.412910343593955,-0.624908318880049
LMol,"Field CA1, stratum lacunosum-moleculare",BTBR_WT_n12_BTBR_n12,BTBR,12,12,-0.933572664340406,-1.7439180710963242,-0.10443816544066573
CA1Rad,"Field CA1, stratum radiatum",BTBR_WT_n12_BTBR_n12,BTBR,12,12,-0.9656466437566892,-1.7789421569296204,-0.13306328536549605
MoDG,"Dentate gyrus, molecular layer",BTBR_WT_n12_BTBR_n12,BTBR,12,12,-1.2550822013922192,-2.099439841805135,-0.38750153057520503
GrDG,"Dentate gyrus, granule cell layer",BTBR_WT_n12_BTBR_n12,BTBR,12,12,-1.1698721145517867,-2.004279138580398,-0.3132944078467933
PoDG,"Dentate gyrus, granule cell layer",BTBR_WT_n12_BTBR_n12,BTBR,12,12,-1.2279693634694313,-2.069090734464365,-0.363950636408071
subiculum,Subiculum,BTBR_WT_n12_BTBR_n12,BTBR,12,12,-0.854562709765649,-1.6580790409046011,-0.03353837311381584
CA1Py,"Field CA1, pyramidal layer",BTBR_WT_n12_BTBR_n12,BTBR,12,12,-0.94106286350905,-1.7520880230299067,-0.1111309295925841
Cingulate cortex: area 29c,"Retrosplenial area, ventral part",BTBR_FVB_n12_BTBR_n12,BTBR,12,12,-0.8553442043714228,-1.6589248065071658,-0.03424241662856917
Frontal association cortex,"Frontal pole, cerebral cortex",BTBR_FVB_n12_BTBR_n12,BTBR,12,12,-1.263980504390772,-2.1094144271028723,-0.39521866017256
anterior lobule  (lobules 4-5),Lobules IV-V,BTBR_FVB_n12_BTBR_n12,BTBR,12,12,-0.9416954057047744,-1.7527782713044937,-0.11169611878133712
colliculus: inferior,Inferior colliculus,BTBR_FVB_n12_BTBR_n12,BTBR,12,12,-0.8576037460204019,-1.661371187307297,-0.03627760158394627
Ventral intermediate entorhinal cortex,"Entorhinal area, lateral part",BTBR_FVB_n12_BTBR_n12,BTBR,12,12,-0.8394687843883325,-1.64175225957698,-0.01993032177556946
MoDG,"Dentate gyrus, molecular layer",BTBR_FVB_n12_BTBR_n12,BTBR,12,12,-0.926616524017968,-1.7363353281693794,-0.09821820411678184
nucleus accumbens,Nucleus accumbens,Chd8_Basson_WT_n12_Chd8_n12,Chd8,12,12,-1.0229113417324889,-1.8417250603012707,-0.18395010129101383
Frontal cortex: area 3,Primary motor area,Chd8_Basson_WT_n12_Chd8_n12,Chd8,12,12,0.878104363570406,0.05472168781559203,1.6835895684767226
olfactory tubercle,Olfactory tubercle,Chd8_Basson_WT_n12_Chd8_n12,Chd8,12,12,-1.292100056428206,-2.140981079165973,-0.4195660730382466
Primary somatosensory cortex,Primary somatosensory area,Chd8_Basson_WT_n12_Chd8_n12,Chd8,12,12,0.9893568114356928,0.15416666540763513,1.804898266423272
Primary somatosensory cortex: upper lip region,"Primary somatosensory area, nose",Chd8_Basson_WT_n12_Chd8_n12,Chd8,12,12,0.9167688476620374,0.08940609285383051,1.7256090692549937
colliculus: inferior,Inferior colliculus,Chd8_Basson_WT_n12_Chd8_n12,Chd8,12,12,0.9194684050727808,0.09182244986266172,1.7285487209436512
mammillary bodies,Mammillary body,Chd8_Basson_WT_n12_Chd8_n12,Chd8,12,12,0.8580678128394658,0.03669554815626739,1.6618738087565414
Ventral orbital cortex,"Orbital area, ventrolateral part",Chd8_Basson_WT_n12_Chd8_n12,Chd8,12,12,-0.837455011364445,-1.6395759831825134,-0.01811302469425993
Primary auditory cortex,Primary auditory area,Chd8_Nord_WT_n18_Chd8_n19,Chd8,18,19,1.1437014980491929,0.45185395392650024,1.8216563124530265
Secondary auditory cortex: dorsal area,Dorsal auditory area,Chd8_Nord_WT_n18_Chd8_n19,Chd8,18,19,0.7087528369064373,0.05195113651330525,1.3560930242450768
pontine nucleus,Pontine reticular nucleus,Chd8_Nord_WT_n18_Chd8_n19,Chd8,18,19,-0.6777434712815535,-1.3234679894287205,-0.02292318092220889
LMol,"Field CA1, stratum lacunosum-moleculare",Chd8_Nord_WT_n18_Chd8_n19,Chd8,18,19,0.6955600072745397,0.03961015492558545,1.342203176125307
CA1Rad,"Field CA1, stratum radiatum",Chd8_Nord_WT_n18_Chd8_n19,Chd8,18,19,0.7026429405929653,0.04623741278896692,1.3496586563625397
CA2Py,"Field CA2, pyramidal layer",Chd8_Nord_WT_n18_Chd8_n19,Chd8,18,19,0.6826686263769484,0.02753920235535251,1.328644294838116
CA20r,"Field CA2, stratum oriens",Chd8_Nord_WT_n18_Chd8_n19,Chd8,18,19,0.7752882666142109,0.11399281969074032,1.426358320234454
CA2Rad,"Field CA2, stratum radiatum",Chd8_Nord_WT_n18_Chd8_n19,Chd8,18,19,0.6948236730438753,0.03892107162807545,1.341428411275817
MoDG,"Dentate gyrus, molecular layer",Chd8_Nord_WT_n18_Chd8_n19,Chd8,18,19,0.6996374900522208,0.04342575070382067,1.346494568201786
CA1Py,"Field CA1, pyramidal layer",Chd8_Nord_WT_n18_Chd8_n19,Chd8,18,19,0.7168442087841634,0.05951369255367366,1.3646190075006943
CA10r,"Field CA1, stratum oriens",Chd8_Nord_WT_n18_Chd8_n19,Chd8,18,19,0.6850644670401772,0.02978307091485296,1.3311633935619538
olfactory peduncle,Olfactory areas,CNTNAP2_WT_n9_KO_n9,CNTNAP2,9,9,0.9923215436006532,0.03532332679605212,1.9225287716959836
Cingulate cortex: area 29b,"Retrosplenial area, ventral part",CNTNAP2_WT_n9_KO_n9,CNTNAP2,9,9,-1.1573338429867317,-2.107944852187575,-0.17685933012585098
fundus of striatum,Fundus of striatum,CNTNAP2_WT_n9_KO_n9,CNTNAP2,9,9,-1.298272015411437,-2.268690863570847,-0.2957391356759123
Ectorhinal cortex,Ectorhinal area,CNTNAP2_WT_n9_KO_n9,CNTNAP2,9,9,-1.0092898248802546,-1.9414510318216711,-0.0499998033816561
anterior lobule  (lobules 4-5),Lobules IV-V,CNTNAP2_WT_n9_KO_n9,CNTNAP2,9,9,1.015853397839823,0.05566907710596716,1.9487795144846771
Primary somatosensory cortex: jaw region,"Primary somatosensory area, mouth",CNTNAP2_WT_n9_KO_n9,CNTNAP2,9,9,1.2884577883383843,0.28751805233235883,2.25742915215103
Secondary somatosensory cortex,Supplemental somatosensory area,CNTNAP2_WT_n9_KO_n9,CNTNAP2,9,9,-1.6931746467125577,-2.7296009794224534,-0.6200406144938334
Claustrum: ventral part,Claustrum,CNTNAP2_WT_n9_KO_n9,CNTNAP2,9,9,-1.01474695783965,-1.9475438688852855,-0.05471411891198578
Ventral tenia tecta,"Taenia tecta, ventral part",CNTNAP2_WT_n9_KO_n9,CNTNAP2,9,9,1.263280299901862,0.2663892626377454,2.2285843951949595
Piriform cortex,Piriform area,Dpyd_WT_n11_HET_n22,Dpyd,11,22,0.8239063371233267,0.08275029824301751,1.5528170187307424
inferior olivary complex,Inferior olivary complex,Dpyd_WT_n11_HET_n22,Dpyd,11,22,-0.7348252324813574,-1.4584862132124343,-7.397630325218904e-5
Posteromedial cortical amygdaloid area,"Cortical amygdalar area, posterior part, medial zone",Dpyd_WT_n11_HOM_n12,Dpyd,11,12,-1.1628500047511212,-2.0137968907059154,-0.2888029986361947
Primary somatosensory cortex,Primary somatosensory area,Dpyd_WT_n11_HOM_n12,Dpyd,11,12,-0.8567339322439442,-1.6770420098997278,-0.01806289052019242
inferior olivary complex,Inferior olivary complex,Dpyd_WT_n11_HOM_n12,Dpyd,11,12,-0.8788935915311207,-1.7011022568482457,-0.03793926736995318
CA3Py Inner,"Field CA3, pyramidal layer",Dvl1_WT_n21_KO_n26,Dvl1,21,26,0.6356496326790563,0.05193622703090416,1.2126648268286209
colliculus: superior,"Superior colliculus, sensory related",En2_WT_n9_KO_n9,En2,2,9,-1.20120751262177,-2.1577565524114637,-0.2140581550075552
amygdala,Cortical subplate,En2_WT_n9_KO_n9,En2,2,9,1.1313804326305703,0.15477085933314805,2.07857873677185
pontine nucleus,Pontine reticular nucleus,En2_WT_n9_KO_n9,En2,2,9,1.8843635962023872,0.7729374218429987,2.9576599746031498
Posterolateral cortical amygdaloid area,"Cortical amygdalar area, posterior part, lateral zone",En2_WT_n9_KO_n9,En2,2,9,1.0538040388853138,0.08836633412143083,1.9912505941555168
crus 1: ansiform lobule (lobule 6),Crus 1,En2_WT_n9_KO_n9,En2,2,9,-1.1611128133673485,-2.1122273162265315,-0.1800702904657271
paramedian lobule (lobule 7),Paramedian lobule,En2_WT_n9_KO_n9,En2,2,9,-1.3504555964200826,-2.3287366594736043,-0.3393123465648764
Rostral amygdalopiriform area,Piriform-amygdalar area,En2_WT_n9_KO_n9,En2,2,9,1.0080350223992942,0.04891561732626639,1.9400508672490808
Temporal association area,Temporal association areas,En2_WT_n9_KO_n9,En2,2,9,-0.9581443443309794,-1.8845186535099523,-0.0056745558450301
Ventral nucleus of the endopiriform claustrum,"Endopiriform nucleus, ventral part",En2_WT_n9_KO_n9,En2,2,9,1.2492307097247082,0.25457446849534965,2.212517430780782
crus 2: ansiform lobule (lobule 7),Crus 2,En2_WT_n9_KO_n9,En2,2,9,-1.1138070228356678,-2.058736784889235,-0.13977831683041664
copula: pyramis (lobule 8),Copula pyramidis,En2_WT_n9_KO_n9,En2,2,9,-1.3736912412977282,-2.355561707116557,-0.3586397906546057
Medial amygdala,Medial amygdalar nucleus,En2_WT_n9_KO_n9,En2,2,9,1.4560863006423526,0.42681660041697433,2.4511159909375686
CA1Rad,"Field CA1, stratum radiatum",FMR1_WT_n8_KO_n8,FMR1,8,8,1.170301845076149,0.1321769070704962,2.174295261909592
Medial parietal association cortex,Posterior parietal association areas,FMR1_FVB_WT_n10_KO_n10,FMR1,10,10,1.1273193706605018,0.19864854796359513,2.0297725005696696
mammillary bodies,Mammillary body,FMR1_FVB_WT_n10_KO_n10,FMR1,10,10,-1.601082743379998,-2.5720018972179832,-0.5980214578310156
CA20r,"Field CA2, stratum oriens",FMR1_FVB_WT_n10_KO_n10,FMR1,10,10,-0.9282508609374353,-1.8086360651192557,-0.02513468573610033
CA2Rad,"Field CA2, stratum radiatum",FMR1_FVB_WT_n10_KO_n10,FMR1,10,10,-0.9152278982007692,-1.7943205621278784,-0.01365219439038656
Amygdalopiriform transition area,Postpiriform transition area,Gtf2i_WT_n20_YT_n20,Gtf2i,20,20,-0.9472859976345328,-1.5852091898579308,-0.2982427684477165
nucleus accumbens,Nucleus accumbens,Gtf2i_WT_n20_YT_n20,Gtf2i,20,20,-0.9487552290709538,-1.5867803442872064,-0.2995964020314861
Dorsal intermediate entorhinal cortex,"Entorhinal area, lateral part",Gtf2i_WT_n20_YT_n20,Gtf2i,20,20,-0.811934230750391,-1.4411587719914176,-0.17290663170929663
Dorsolateral entorhinal cortex,"Entorhinal area, lateral part",Gtf2i_WT_n20_YT_n20,Gtf2i,20,20,-0.6470227342251413,-1.2675293155185643,-0.01847185950179647
Ectorhinal cortex,Ectorhinal area,Gtf2i_WT_n20_YT_n20,Gtf2i,20,20,-0.6684196012374163,-1.2899382985236103,-0.03861958615288446
Perirhinal cortex,Perirhinal area,Gtf2i_WT_n20_YT_n20,Gtf2i,20,20,-0.7541888075750078,-1.3801216986750813,-0.11905012744834707
Rostral amygdalopiriform area,Piriform-amygdalar area,Gtf2i_WT_n20_YT_n20,Gtf2i,20,20,-0.6610844675010472,-1.2822519874360114,-0.03171662952254225
pre-para subiculum,Subiculum,Gtf2i_WT_n20_YT_n20,Gtf2i,20,20,0.6380938289795496,0.01005401053873541,1.258188492045571
CA1Rad,"Field CA1, stratum radiatum",Gtf2i_WT_n20_YT_n20,Gtf2i,20,20,-0.6524522471684882,-1.2732120911459022,-0.0235878228475598
CA3Py Inner,"Field CA3, pyramidal layer",Gtf2i_WT_n20_YT_n20,Gtf2i,20,20,1.2431821240075005,0.5681063944879271,1.9046844640019536
Amygdalopiriform transition area,Postpiriform transition area,Gtf2i_WT_n20_XS_n18,Gtf2i,20,18,-0.75945336021848,-1.4020153828204116,-0.10711980939702716
Rostral amygdalopiriform area,Piriform-amygdalar area,Gtf2i_WT_n20_XS_n18,Gtf2i,20,18,-0.7167355503746233,-1.3569517158080342,-0.06722614358995241
LMol,"Field CA1, stratum lacunosum-moleculare",Gtf2i_WT_n20_XS_n18,Gtf2i,20,18,-0.7091657232192639,-1.3489812713181453,-0.06014291854850832
subiculum,Subiculum,Gtf2i_WT_n20_XS_n18,Gtf2i,20,18,-0.6707266121644307,-1.3085793027362302,-0.02410878708569464
fastigial nucleus,Fastigial nucleus,ITGB3_WT_n11_KO_n11,ITGB3,11,11,-1.1372269696174158,-2.0021787175311028,-0.2484377383166415
Cingulate cortex: area 24a,"Anterior cingulate area, ventral part",ITGB3_WT_n11_KO_n11,ITGB3,11,11,-0.9319100907763708,-1.775216280150537,-0.06801720557222042
Cingulate cortex: area 24b,"Anterior cingulate area, dorsal part",ITGB3_WT_n11_KO_n11,ITGB3,11,11,-0.8587480447670702,-1.695396023252045,-0.00280884403181771
Cingulate cortex: area 30,"Retrosplenial area, dorsal part",ITGB3_WT_n11_KO_n11,ITGB3,11,11,-0.8700677832598084,-1.7077087798631498,-0.01293093426286547
Amygdalopiriform transition area,Postpiriform transition area,ITGB3_WT_n11_KO_n11,ITGB3,11,11,-0.9961279528515936,-1.8457425488642063,-0.12484874631932982
Secondary auditory cortex: ventral area,Ventral auditory area,ITGB3_WT_n11_KO_n11,ITGB3,11,11,-0.988897238203811,-1.8377802136888264,-0.1184682962328263
Claustrum,Claustrum,ITGB3_WT_n11_KO_n11,ITGB3,11,11,-1.0701048861149476,-1.927511857665392,-0.18986023531343937
Lateral orbital cortex,"Orbital area, lateral part",ITGB3_WT_n11_KO_n11,ITGB3,11,11,-1.0066343673409592,-1.857321913911234,-0.13411103978322914
Primary motor cortex,Primary motor area,ITGB3_WT_n11_KO_n11,ITGB3,11,11,-0.928043074491182,-1.7709831720053573,-0.06458328718449473
Medial parietal association cortex,Posterior parietal association areas,ITGB3_WT_n11_KO_n11,ITGB3,11,11,-0.9606362579034132,-1.8067113848370548,-0.09348552034657792
Secondary visual cortex: mediomedial area,Posterior parietal association areas,ITGB3_WT_n11_KO_n11,ITGB3,11,11,-0.8813783508587175,-1.720024943291537,-0.02303238422748274
cuneate nucleus,Cuneate nucleus,ITGB3_WT_n11_KO_n11,ITGB3,11,11,0.8864781530902626,0.02758326093555254,1.7255827747433332
hypothalamus,Hypothalamus,ITGB3_WT_n11_KO_n11,ITGB3,11,11,-1.163862736282954,-2.03193099158927,-0.27157706547845345
basal forebrain,"Pallidum, ventral region",Magel2_WT_n6_MUT_n6,Magel2,6,6,-2.1110264706674524,-3.4684420277150427,-0.6952169380503656
medial septum,Medial septal complex,Magel2_WT_n6_MUT_n6,Magel2,6,6,-1.2506439335468396,-2.4023150452895945,-0.05048735423225792
cuneate nucleus,Cuneate nucleus,Magel2_WT_n6_MUT_n6,Magel2,6,6,1.6151364072263068,0.3316175150649119,2.84392185746825
Accessory olfactory bulb: granule cell layer,"Accessory olfactory bulb, granular layer",Magel2_WT_n6_MUT_n6,Magel2,6,6,-1.7672218859834357,-3.0328496901615414,-0.4452215308431852
basal forebrain,"Pallidum, ventral region",MAR_WT_n23_MAR_n22,MAR,23,22,-0.7827912145272274,-1.3760374304457452,-0.1811350101803755
nucleus accumbens,Nucleus accumbens,MAR_WT_n23_MAR_n22,MAR,23,22,-0.6496654569466599,-1.2364163866006006,-0.05577228335198105
Claustrum: dorsal part,Claustrum,MAR_WT_n23_MAR_n22,MAR,23,22,-0.5980600341526467,-1.1826417614751528,-0.00685107602555693
Dorsal nucleus of the endopiriform,"Endopiriform nucleus, dorsal part",MAR_WT_n23_MAR_n22,MAR,23,22,-0.6259963791448664,-1.211727991194721,-0.03335720432834283
Dorsolateral orbital cortex,"Agranular insular area, dorsal part",MAR_WT_n23_MAR_n22,MAR,23,22,-0.7562075022007124,-1.348054361879527,-0.15619637917721818
Primary visual cortex: binocular area,Lateral visual area,MAR_WT_n23_MAR_n22,MAR,23,22,-0.5924161766539355,-1.1767727171674582,-0.00148953207695495
Claustrum: ventral part,Claustrum,MAR_WT_n23_MAR_n22,MAR,23,22,-0.8306260837762363,-1.4265172232652106,-0.22589224032298771
CA20r,"Field CA2, stratum oriens",MAR_WT_n23_MAR_n22,MAR,23,22,-0.6147023496266583,-1.1999621830594718,-0.02264787586676046
Amygdalopiriform transition area,Postpiriform transition area,NF1_WT_n9_HET_n10,NF1,9,10,-1.156584200186915,-2.085165934255727,-0.1998132085202664
globus pallidus,"Pallidum, dorsal region",NF1_WT_n9_HET_n10,NF1,9,10,-1.7339098168306764,-2.7528104065417,-0.6799280728206467
Caudomedial entorhinal cortex,"Entorhinal area, medial part, dorsal zone",NF1_WT_n9_HET_n10,NF1,9,10,-1.3145195774784355,-2.264661031240771,-0.3338053708445208
amygdala,Cortical subplate,NF1_WT_n9_HET_n10,NF1,9,10,-2.0218026386205055,-3.096246234742379,-0.9104942844257866
fundus of striatum,Fundus of striatum,NF1_WT_n9_HET_n10,NF1,9,10,-1.0404375175388627,-1.9548448984591744,-0.09985044774903123
Cortex-amygdala transition zones,Piriform area,NF1_WT_n9_HET_n10,NF1,9,10,-1.3524705401110433,-2.308167950568928,-0.3656867992430028
Dorsal intermediate entorhinal cortex,"Entorhinal area, lateral part",NF1_WT_n9_HET_n10,NF1,9,10,-0.9556502965702216,-1.8606533807930592,-0.02607255559033431
Ectorhinal cortex,Ectorhinal area,NF1_WT_n9_HET_n10,NF1,9,10,-0.9348548824879362,-1.8376763811805263,-0.00787016781765461
Primary motor cortex,Primary motor area,NF1_WT_n9_HET_n10,NF1,9,10,1.1510410564771871,0.19507051428757172,2.0789138086040544
Medial entorhinal cortex,"Entorhinal area, medial part, ventral zone",NF1_WT_n9_HET_n10,NF1,9,10,-1.0939787263283636,-2.0147379126493905,-0.14608631819379972
Piriform cortex,Piriform area,NF1_WT_n9_HET_n10,NF1,9,10,-1.539916498995162,-2.52506228619133,-0.5214645176800156
Posteromedial cortical amygdaloid area,"Cortical amygdalar area, posterior part, medial zone",NF1_WT_n9_HET_n10,NF1,9,10,-1.485040413713653,-2.4612287483588826,-0.4761418359822519
flocculus (FL),Flocculus,NF1_WT_n9_HET_n10,NF1,9,10,-1.0371197976208069,-1.9511440384734593,-0.09697646773069334
Rostral amygdalopiriform area,Piriform-amygdalar area,NF1_WT_n9_HET_n10,NF1,9,10,-1.2433127012680345,-2.1834172400141623,-0.273660872070252
superior olivary complex,Superior olivary complex,NF1_WT_n9_HET_n10,NF1,9,10,-1.051725330485758,-1.9674454883997672,-0.10962042511883575
Primary somatosensory cortex: upper lip region,"Primary somatosensory area, nose",NF1_WT_n9_HET_n10,NF1,9,10,1.010396782143344,0.07378961253755005,1.9213793727500488
colliculus: inferior,Inferior colliculus,NF1_WT_n9_HET_n10,NF1,9,10,1.373514406840596,0.38331365217059504,2.3323529258750417
Ventral nucleus of the endopiriform claustrum,"Endopiriform nucleus, ventral part",NF1_WT_n9_HET_n10,NF1,9,10,-1.402112027978102,-2.365287424086661,-0.4072108876912446
Ventral intermediate entorhinal cortex,"Entorhinal area, lateral part",NF1_WT_n9_HET_n10,NF1,9,10,-0.9449780759255256,-1.8488554358855789,-0.01673629133571503
LMol,"Field CA1, stratum lacunosum-moleculare",NF1_WT_n9_HET_n10,NF1,9,10,-1.7008218354141298,-2.713743470586085,-0.6530867037023067
CA1Rad,"Field CA1, stratum radiatum",NF1_WT_n9_HET_n10,NF1,9,10,-2.1747072018212674,-3.280994683974774,-1.0309583994093594
CA2Py,"Field CA2, pyramidal layer",NF1_WT_n9_HET_n10,NF1,9,10,1.5790368995937405,0.55363693542479,2.570731788985536
CA20r,"Field CA2, stratum oriens",NF1_WT_n9_HET_n10,NF1,9,10,1.3038754490048483,0.32484255806601914,2.252484360052509
CA2Rad,"Field CA2, stratum radiatum",NF1_WT_n9_HET_n10,NF1,9,10,1.6951940877208005,0.6485139045732252,2.7071074682772007
subiculum,Subiculum,NF1_WT_n9_HET_n10,NF1,9,10,-1.3666184924292593,-2.3244228757532803,-0.3775414882716731
Cingulate cortex: area 24b,"Anterior cingulate area, dorsal part",NL1_WT_n26_KO_n27,NL1,26,27,0.6277171949570222,0.08048285187743018,1.1691062356519497
Cingulate cortex: area 32,Prelimbic area,NL1_WT_n26_KO_n27,NL1,26,27,0.7683440443269941,0.2138213204235708,1.3158778699153966
Medial orbital cortex,"Orbital area, medial part",NL1_WT_n26_KO_n27,NL1,26,27,0.7362394752298228,0.18348857432727028,1.2822552185567944
olfactory tubercle,Olfactory tubercle,NL3_WT_n8_KO_n8,NL3,8,8,1.2066086408426546,0.16247405683026747,2.2159377167950542
Olfactory bulb: mitral cell layer,"Main olfactory bulb, mitral layer",NL3_WT_n8_KO_n8,NL3,8,8,-1.560435714323285,-2.629415334670934,-0.45140977540507976
Olfactory bulb: internal plexiform layer,"Main olfactory bulb, inner plexiform layer",NL3_WT_n8_KO_n8,NL3,8,8,-1.4421381592152118,-2.4896966000250815,-0.35602616670653553
dentate nucleus,Dentate nucleus,NRXN1a_WT_n10_HET_n13,NRXN1a,10,13,-1.1068521383851049,-1.9570514939121957,-0.2342794715827373
amygdala,Cortical subplate,NRXN1a_WT_n10_HET_n13,NRXN1a,10,13,-0.8633586707285905,-1.6899576340254758,-0.01825501831222904
Cortex-amygdala transition zones,Piriform area,NRXN1a_WT_n10_HET_n13,NRXN1a,10,13,-0.9523105460048312,-1.7868423195113,-0.09777474956678124
Dorsal nucleus of the endopiriform,"Endopiriform nucleus, dorsal part",NRXN1a_WT_n10_HET_n13,NRXN1a,10,13,-0.9624769779690378,-1.7979681871298012,-0.10681525176246236
Dorsal intermediate entorhinal cortex,"Entorhinal area, lateral part",NRXN1a_WT_n10_HET_n13,NRXN1a,10,13,-1.1796599376472905,-2.038039179652052,-0.29789720025753996
Dorsolateral entorhinal cortex,"Entorhinal area, lateral part",NRXN1a_WT_n10_HET_n13,NRXN1a,10,13,-0.904428524203575,-1.7345898608301449,-0.05505799721190028
Posteromedial cortical amygdaloid area,"Cortical amygdalar area, posterior part, medial zone",NRXN1a_WT_n10_HET_n13,NRXN1a,10,13,-0.9038755661400906,-1.7339877040974128,-0.05456350457228563
Primary somatosensory cortex: upper lip region,"Primary somatosensory area, nose",NRXN1a_WT_n10_HET_n13,NRXN1a,10,13,0.8889233833347329,0.0411817080891238,1.7177194483938016
Ventral nucleus of the endopiriform claustrum,"Endopiriform nucleus, ventral part",NRXN1a_WT_n10_HET_n13,NRXN1a,10,13,-1.2812963215970532,-2.1519139799150007,-0.3859971457457039
Ventral intermediate entorhinal cortex,"Entorhinal area, lateral part",NRXN1a_WT_n10_HET_n13,NRXN1a,10,13,-1.1750795603214037,-2.032929592934268,-0.29390781519364917
cuneate nucleus,Cuneate nucleus,NRXN1a_WT_n10_HET_n13,NRXN1a,10,13,-1.2731877821813755,-2.1427949531171757,-0.37899794780902746
copula: pyramis (lobule 8),Copula pyramidis,NRXN1a_WT_n10_HET_n13,NRXN1a,10,13,-0.8638381352390515,-1.690478141326484,-0.01868500485107565
nucleus interpositus,Interposed nucleus,NRXN1a_WT_n10_HET_n13,NRXN1a,10,13,-1.230496279269253,-2.0948793470931406,-0.3420640783253437
CA3Py Inner,"Field CA3, pyramidal layer",NRXN1a_WT_n10_HET_n13,NRXN1a,10,13,0.9110703743960336,0.06099551726481952,1.741823796754763
Olfactory bulb: glomerular layer,"Main olfactory bulb, glomerular layer",NRXN1a_WT_n10_HET_n13,NRXN1a,10,13,0.921740718927989,0.07052586622127155,1.753455610610048
Olfactory bulb: external plexiform layer,"Main olfactory bulb, outer plexiform layer",NRXN1a_WT_n10_HET_n13,NRXN1a,10,13,0.950417401300968,0.09608889024593471,1.7847724434004513
Olfactory bulb: internal plexiform layer,"Main olfactory bulb, inner plexiform layer",NRXN1a_WT_n10_HET_n13,NRXN1a,10,13,0.8929263447932492,0.04476619722435843,1.722072474847273
Olfactory bulb: granule cell layer,"Main olfactory bulb, granule layer",NRXN1a_WT_n10_HET_n13,NRXN1a,10,13,0.9543858605434922,0.09962079984537774,1.789112884745356
"Accessory olfactory bulb: glomerular, external plexiform and mitral cell layer","Accessory olfactory bulb, glomerular layer",NRXN1a_WT_n10_HET_n13,NRXN1a,10,13,0.9544697765773532,0.0996952510325944,1.78920477365538
Accessory olfactory bulb: granule cell layer,"Accessory olfactory bulb, granular layer",NRXN1a_WT_n10_HET_n13,NRXN1a,10,13,1.1037751730534249,0.2315815640513195,1.9536400249004175
Cingulate cortex: area 24b,"Anterior cingulate area, dorsal part",NRXN1a_WT_n10_KO_n9,NRXN1a,10,9,0.9333216884293624,0.00652633956191453,1.8359842607471724
Cingulate cortex: area 30,"Retrosplenial area, dorsal part",NRXN1a_WT_n10_KO_n9,NRXN1a,10,9,0.947304825600453,0.01877293180483693,1.8514264498737067
Lateral parietal association cortex,Posterior parietal association areas,NRXN1a_WT_n10_KO_n9,NRXN1a,10,9,1.0558184376520865,0.1131602480634856,1.972017980915013
Parietal cortex: posterior area: rostral part,Posterior parietal association areas,NRXN1a_WT_n10_KO_n9,NRXN1a,10,9,0.9685418989905976,0.03733527074466673,1.874922450407848
Primary somatosensory cortex: trunk region,"Primary somatosensory area, trunk",NRXN1a_WT_n10_KO_n9,NRXN1a,10,9,1.150223871500037,0.19436894180489803,2.0779926987666397
Caudomedial entorhinal cortex,"Entorhinal area, medial part, dorsal zone",SERT_KI_WT_n20_KI_n20,SERT,20,20,-0.6444395490879543,-1.264826243195208,-0.01603735650135046
paramedian lobule (lobule 7),Paramedian lobule,SERT_KI_WT_n20_KI_n20,SERT,20,20,-0.6368221740165035,-1.2568590973835232,-0.00885503887762746
simple lobule (lobule 6),Simple lobule,SERT_KI_WT_n20_KI_n20,SERT,20,20,-0.6707768543107498,-1.2924087794775432,-0.04083744936922423
Olfactory bulb: external plexiform layer,"Main olfactory bulb, outer plexiform layer",SERT_KI_WT_n20_KI_n20,SERT,20,20,0.8408630129918085,0.19979979244165597,1.4718318688158711
Olfactory bulb: mitral cell layer,"Main olfactory bulb, mitral layer",SERT_KI_WT_n20_KI_n20,SERT,20,20,0.8435960917704912,0.20233754238918167,1.474732993803193
Olfactory bulb: internal plexiform layer,"Main olfactory bulb, inner plexiform layer",SERT_KI_WT_n20_KI_n20,SERT,20,20,0.830315779228529,0.19000133959915036,1.4606413199635822
Olfactory bulb: granule cell layer,"Main olfactory bulb, granule layer",SERT_KI_WT_n20_KI_n20,SERT,20,20,0.7168175732173594,0.08407015572861348,1.3407566371126438
paraflocculus (PFL),Paraflocculus,SERT_KI_129_WT_n21_KI_n21,SERT,21,21,0.6979613410276857,0.08116727191316789,1.3065771373324129
striatum,Caudoputamen,SERT_KO_WT_n10_KO_n20,SERT,10,20,-0.96325082468744,-1.7356243990484377,-0.17547605118744627
Cingulate cortex: area 29c,"Retrosplenial area, ventral part",SERT_KO_WT_n10_KO_n20,SERT,10,20,-0.8306472832075968,-1.5934723557451425,-0.05419075409364498
Amygdalopiriform transition area,Postpiriform transition area,SERT_KO_WT_n10_KO_n20,SERT,10,20,0.7793244083047923,0.00688697420020906,1.5388539895007345
Caudomedial entorhinal cortex,"Entorhinal area, medial part, dorsal zone",SERT_KO_WT_n10_KO_n20,SERT,10,20,0.9762593619128356,0.18730330723100835,1.7496483996523675
Dorsolateral entorhinal cortex,"Entorhinal area, lateral part",SERT_KO_WT_n10_KO_n20,SERT,10,20,0.7904116410577445,0.01712361937449844,1.5506340718843896
Intermediate nucleus of the endopiriform claustrum,"Endopiriform nucleus, dorsal part",SERT_KO_WT_n10_KO_n20,SERT,10,20,-0.8462989220527769,-1.6101738757321975,-0.06857594702234521
Medial entorhinal cortex,"Entorhinal area, medial part, ventral zone",SERT_KO_WT_n10_KO_n20,SERT,10,20,1.1779307005221256,0.36910931755956267,1.9688067117632997
Perirhinal cortex,Perirhinal area,SERT_KO_WT_n10_KO_n20,SERT,10,20,0.8079682125668298,0.03331311144737924,1.5693090900348872
superior olivary complex,Superior olivary complex,SERT_KO_WT_n10_KO_n20,SERT,10,20,0.8914636927168517,0.10998119621245082,1.658484645385435
Ventral intermediate entorhinal cortex,"Entorhinal area, lateral part",SERT_KO_WT_n10_KO_n20,SERT,10,20,0.8267603105253468,0.05061537257083066,1.5893280603421325
Ventral orbital cortex,"Orbital area, ventrolateral part",SERT_KO_WT_n10_KO_n20,SERT,10,20,-0.7881409212310153,-1.548220489965754,-0.01502784546959095
Ventral tenia tecta,"Taenia tecta, ventral part",SERT_KO_WT_n10_KO_n20,SERT,10,20,-1.021602491499452,-1.7986397885511256,-0.22843244042685548
Cortex-amygdala transition zones,Piriform area,SHANK3_WT_n10_HET_n11,SHANK3,10,11,-0.9034406934352176,-1.7630185363461477,-0.02273989243468745
CA3Py Inner,"Field CA3, pyramidal layer",SHANK3_WT_n10_HET_n11,SHANK3,10,11,0.9654238049586013,0.07755223009687874,1.831054975176258
SLu,"Field CA3, stratum lucidum",SHANK3_WT_n10_HET_n11,SHANK3,10,11,0.966497207805416,0.07849820765645835,1.8322368333003347
Primary visual cortex,Primary visual area,SHANK3_WT_n10_KO_n9,SHANK3,10,9,-1.2033146276538984,-2.1380076223868665,-0.23968561932435095
bed nucleus of stria terminalis,Bed nuclei of the stria terminalis,SHANK3_WT_n10_KO_n9,SHANK3,10,9,-1.140804197297155,-2.0673749836830124,-0.18630530889356564
CA10r,"Field CA1, stratum oriens",SHANK3_WT_n10_KO_n9,SHANK3,10,9,-1.0275945753134257,-1.9405253842050785,-0.08871957585819733
Dorsolateral orbital cortex,"Agranular insular area, dorsal part",Turner_WT_n23_XO_n10,Turner,23,10,-1.089869363365464,-1.855172998638786,-0.30912789087975046
Olfactory bulb: mitral cell layer,"Main olfactory bulb, mitral layer",Turner_WT_n23_XO_n10,Turner,23,10,-0.8373954987402841,-1.5845983413575058,-0.07772985365831502
Olfactory bulb: internal plexiform layer,"Main olfactory bulb, inner plexiform layer",Turner_WT_n23_XO_n10,Turner,23,10,-0.9121064965092052,-1.6641560103591182,-0.14666504500746988
Olfactory bulb: granule cell layer,"Main olfactory bulb, granule layer",Turner_WT_n23_XO_n10,Turner,23,10,-1.018525562727714,-1.778223080780706,-0.2441829334002029
Cingulate cortex: area 24a',"Anterior cingulate area, ventral part",Ube3a_WT_n17_HET_n15,Ube3a,17,15,1.180561676119669,0.4330416912948816,1.9115600570900997
Claustrum,Claustrum,Ube3a_WT_n17_HET_n15,Ube3a,17,15,-0.9156677703234948,-1.623858446988393,-0.19381246791429288
Claustrum: dorsal part,Claustrum,Ube3a_WT_n17_HET_n15,Ube3a,17,15,-0.7931971931382752,-1.4927980033089894,-0.0814547631369706
Dorsal nucleus of the endopiriform,"Endopiriform nucleus, dorsal part",Ube3a_WT_n17_HET_n15,Ube3a,17,15,-0.9236848425523436,-1.6324820263800148,-0.2011276259065156
Intermediate nucleus of the endopiriform claustrum,"Endopiriform nucleus, dorsal part",Ube3a_WT_n17_HET_n15,Ube3a,17,15,-0.7827423138058792,-1.4816696823684,-0.07180920941770427
crus 1: ansiform lobule (lobule 6),Crus 1,Ube3a_WT_n17_HET_n15,Ube3a,17,15,-1.2042558698790913,-1.9375630107144777,-0.4542013273948254
superior olivary complex,Superior olivary complex,Ube3a_WT_n17_HET_n15,Ube3a,17,15,-0.7317999661557022,-1.427581640327109,-0.02468608410257034
Claustrum: ventral part,Claustrum,Ube3a_WT_n17_HET_n15,Ube3a,17,15,-1.024213801937812,-1.7410687128066409,-0.292450005242102
Ventral tenia tecta,"Taenia tecta, ventral part",Ube3a_WT_n17_HET_n15,Ube3a,17,15,0.7261363653481184,0.0194343379221634,1.421582317448328
thalamus,Thalamus,Ube3a_WT_n17_HET_n15,Ube3a,17,15,-0.8006462265088354,-1.500733010006793,-0.08832183256797357
Medial preoptic nucleus,Medial preoptic nucleus,Ube3a_WT_n17_HET_n15,Ube3a,17,15,0.8990159349244818,0.17860361212408354,1.6059637462611356
Cortex-amygdala transition zones,Piriform area,CHD7_Het_WT_n13_Chd7gt+_n13,CHD7,13,13,0.8371221867407473,0.0483978046761048,1.610037088941165
Dorsolateral entorhinal cortex,"Entorhinal area, lateral part",CHD7_Het_WT_n13_Chd7gt+_n13,CHD7,13,13,-0.9192568489388276,-1.6988309399452302,-0.1226318678930552
Perirhinal cortex,Perirhinal area,CHD7_Het_WT_n13_Chd7gt+_n13,CHD7,13,13,-0.9395049721044714,-1.7208200520772514,-0.14084454198867655
striatum,Caudoputamen,CHD7_En1Cre_En1Cre_n12_En1CreChd7f+_n10,CHD7,12,10,0.9242197966763804,0.05802539943984534,1.769942241517748
Cingulate cortex: area 24a',"Anterior cingulate area, ventral part",CHD7_En1Cre_En1Cre_n12_En1CreChd7f+_n10,CHD7,12,10,-0.937465084458918,-1.7844373715255006,-0.06979192644535251
Dorsal tenia tecta,"Taenia tecta, dorsal part",CHD7_En1Cre_En1Cre_n12_En1CreChd7f+_n10,CHD7,12,10,0.8943075034458569,0.03139339135348094,1.73727526354368
Medial orbital cortex,"Orbital area, medial part",CHD7_En1Cre_En1Cre_n12_En1CreChd7f+_n10,CHD7,12,10,0.9159006974323776,0.05062674518136091,1.760847450991638
pre-para subiculum,Subiculum,CHD7_En1Cre_En1Cre_n12_En1CreChd7f+_n10,CHD7,12,10,0.9229419394929754,0.05688934660113898,1.768544566431475
Ventral orbital cortex,"Orbital area, ventrolateral part",CHD7_En1Cre_En1Cre_n12_En1CreChd7f+_n10,CHD7,12,10,1.198955183709912,0.2989167598424936,2.0742551366379636
Ventral tenia tecta,"Taenia tecta, ventral part",CHD7_En1Cre_En1Cre_n12_En1CreChd7f+_n10,CHD7,12,10,1.2366398462328243,0.33146218163118285,2.1165735949690725
CA3Py Outer,"Field CA3, pyramidal layer",CHD7_En1Cre_En1Cre_n12_En1CreChd7f+_n10,CHD7,12,10,1.0444357600756795,0.1642394011156237,1.9021680936598175
CA3Rad,"Field CA3, stratum radiatum",CHD7_En1Cre_En1Cre_n12_En1CreChd7f+_n10,CHD7,12,10,1.1871455911956732,0.2886942480267246,2.0610212969508397
SLu,"Field CA3, stratum lucidum",CHD7_En1Cre_En1Cre_n12_En1CreChd7f+_n10,CHD7,12,10,1.170256155244625,0.2740549916416407,2.0421178309068533
fastigial nucleus,Fastigial nucleus,CHD7_En1Cre_En1Cre_n12_En1CreChd7ff_n10,CHD7,12,10,-1.1872649904587242,-2.0611549567259626,-0.2887976306326655
Secondary visual cortex: lateral area,Anterolateral visual area,CHD7_En1Cre_En1Cre_n12_En1CreChd7ff_n10,CHD7,12,10,-1.0415414525876647,-1.8989671778609865,-0.16169732116313595
nucleus accumbens,Nucleus accumbens,Cacnb2_WT_n11_Cacnb2_n15,Cacnb2,11,15,0.9578532558380092,0.1488552805936009,1.749195257129545
pre-para subiculum,Subiculum,Cacnb2_WT_n11_Cacnb2_n15,Cacnb2,11,15,0.7996695447467285,0.00574943677030535,1.5783405387149574
bed nucleus of stria terminalis,Bed nuclei of the stria terminalis,Cacnb2_WT_n11_Cacnb2_n15,Cacnb2,11,15,0.8218719548626362,0.02596445147841184,1.6021767601976782
lateral septum,Lateral septal complex,Cacnb2_WT_n11_Cacnb2_n15,Cacnb2,11,15,0.8424268960316212,0.04464155021056495,1.6242868179766852
CA3Py Inner,"Field CA3, pyramidal layer",Cacnb2_WT_n11_Cacnb2_n15,Cacnb2,11,15,0.8044982985846152,0.01014963873201748,1.5835205908043857
PoDG,"Dentate gyrus, granule cell layer",Cacnb2_WT_n11_Cacnb2_n15,Cacnb2,11,15,0.8164213285881815,0.02100576389873423,1.596320622580668
Cingulate cortex: area 24a',"Anterior cingulate area, ventral part",Scn1a_WT_n3_HET_n10,Scn1a,3,10,-1.4037110054868218,-2.7106562539682857,-0.04572822690162129
Cingulate cortex: area 29a,"Retrosplenial area, ventral part",Scn1a_WT_n3_HET_n10,Scn1a,3,10,1.5893804271270786,0.1944335556581232,2.9294887029645658
Cingulate cortex: area 32,Prelimbic area,Scn1a_WT_n3_HET_n10,Scn1a,3,10,-1.8940409250188208,-3.2963516202892773,-0.4321981603733856
Medial orbital cortex,"Orbital area, medial part",Scn1a_WT_n3_HET_n10,Scn1a,3,10,-1.3817807035238217,-2.6850639903177855,-0.02795874928909177
flocculus (FL),Flocculus,Scn1a_WT_n3_HET_n10,Scn1a,3,10,1.5479472261934144,0.16151207305686563,2.8803276582807964
striatum,Caudoputamen,16p11_Golzio_WT_n12_df_n10,16p11,12,10,-1.149066282405263,-2.018439629746277,-0.25565374360614385
Cingulate cortex: area 25,Infralimbic area,16p11_Golzio_WT_n12_df_n10,16p11,12,10,-1.0797288923612396,-1.941266585326517,-0.1951792898336903
Cingulate cortex: area 29b,"Retrosplenial area, ventral part",16p11_Golzio_WT_n12_df_n10,16p11,12,10,0.9071065146968206,0.04279911919991378,1.7512413073605246
globus pallidus,"Pallidum, dorsal region",16p11_Golzio_WT_n12_df_n10,16p11,12,10,-1.084525426101911,-1.946590075059768,-0.1993760000517024
Claustrum,Claustrum,16p11_Golzio_WT_n12_df_n10,16p11,12,10,-0.9252582842025684,-1.771077791139234,-0.05894813249763291
pontine nucleus,Pontine reticular nucleus,16p11_Golzio_WT_n12_df_n10,16p11,12,10,-0.88581979140803,-1.7280230554361022,-0.0238212615995981
Posteromedial cortical amygdaloid area,"Cortical amygdalar area, posterior part, medial zone",16p11_Golzio_WT_n12_df_n10,16p11,12,10,-0.9787906781870964,-1.829780237301212,-0.1064008488182813
inferior olivary complex,Inferior olivary complex,16p11_Golzio_WT_n12_df_n10,16p11,12,10,-1.232569430239394,-2.1119963634477,-0.3279523281592708
Primary somatosensory cortex: barrel field,"Primary somatosensory area, barrel field",16p11_Golzio_WT_n12_df_n10,16p11,12,10,0.9006489401983145,0.0370464550559761,1.7441926774969847
Primary somatosensory cortex: shoulder region,"Primary somatosensory area, trunk",16p11_Golzio_WT_n12_df_n10,16p11,12,10,0.9430340242767666,0.07473428866300032,1.790537278529534
CA3Py Inner,"Field CA3, pyramidal layer",16p11_Golzio_WT_n12_df_n10,16p11,12,10,-0.9293311540018616,-1.7755337464770355,-0.06256801666595077
GrDG,"Dentate gyrus, granule cell layer",16p11_Golzio_WT_n12_df_n10,16p11,12,10,-1.0241806628165078,-1.879785844749072,-0.14643379461030534
PoDG,"Dentate gyrus, granule cell layer",16p11_Golzio_WT_n12_df_n10,16p11,12,10,-0.9953219735074336,-1.8479680388199011,-0.12100240284970162
Medial preoptic nucleus,Medial preoptic nucleus,16p11_Golzio_WT_n12_df_n10,16p11,12,10,-0.91367818324165,-1.7584189717700738,-0.04864921263286142
Cingulate cortex: area 29a,"Retrosplenial area, ventral part",16p11_Golzio_WT_n12_dp_n9,16p11,12,9,1.0801253864646143,0.1710155788318147,1.965007852385679
Cingulate cortex: area 29b,"Retrosplenial area, ventral part",16p11_Golzio_WT_n12_dp_n9,16p11,12,9,0.8987172440392942,0.01136289461462238,1.7649963344959911
Claustrum,Claustrum,16p11_Golzio_WT_n12_dp_n9,16p11,12,9,-1.5616466116505512,-2.5115607601824537,-0.5813700838406699
Dorsal nucleus of the endopiriform,"Endopiriform nucleus, dorsal part",16p11_Golzio_WT_n12_dp_n9,16p11,12,9,-0.9322260352306294,-1.8016783201697315,-0.04108140012852829
Lateral orbital cortex,"Orbital area, lateral part",16p11_Golzio_WT_n12_dp_n9,16p11,12,9,-0.9379285992012942,-1.8079328349175707,-0.04612852938958928
pontine nucleus,Pontine reticular nucleus,16p11_Golzio_WT_n12_dp_n9,16p11,12,9,-1.876094967185264,-2.8790764353232476,-0.8403307635373282
flocculus (FL),Flocculus,16p11_Golzio_WT_n12_dp_n9,16p11,12,9,1.1429519905416876,0.22562140398745095,2.0350719949128657
CA3Rad,"Field CA3, stratum radiatum",16p11_Golzio_WT_n12_dp_n9,16p11,12,9,0.9353887526368893,0.04388001287064533,1.805146964345834
olfactory peduncle,Olfactory areas,16p11_Golzio_WT_n12_dfdp_n7,16p11,12,7,-1.512969429620517,-2.5195573044566704,-0.4728002088979009
striatum,Caudoputamen,16p11_Golzio_WT_n12_dfdp_n7,16p11,12,7,-1.0989457370548308,-2.048017168850076,-0.12237838484835203
Cingulate cortex: area 29b,"Retrosplenial area, ventral part",16p11_Golzio_WT_n12_dfdp_n7,16p11,12,7,1.0464834775898133,0.07692134362524308,1.9895102355400287
basal forebrain,"Pallidum, ventral region",16p11_Golzio_WT_n12_dfdp_n7,16p11,12,7,-1.0836047686905623,-2.0308776964125386,-0.10911203187156494
nucleus accumbens,Nucleus accumbens,16p11_Golzio_WT_n12_dfdp_n7,16p11,12,7,-1.344693994160039,-2.325888998150619,-0.3320762180284511
Claustrum,Claustrum,16p11_Golzio_WT_n12_dfdp_n7,16p11,12,7,-1.1590217229241824,-2.115374675161498,-0.1741258043161827
Dorsal tenia tecta,"Taenia tecta, dorsal part",16p11_Golzio_WT_n12_dfdp_n7,16p11,12,7,-1.2002394892689847,-2.161806255374664,-0.20944397994632125
Ectorhinal cortex,Ectorhinal area,16p11_Golzio_WT_n12_dfdp_n7,16p11,12,7,1.2123151513630552,0.2197632173439336,2.175442816804714
Intermediate nucleus of the endopiriform claustrum,"Endopiriform nucleus, dorsal part",16p11_Golzio_WT_n12_dfdp_n7,16p11,12,7,-1.184439967124444,-2.143987571717696,-0.1959235666632762
pontine nucleus,Pontine reticular nucleus,16p11_Golzio_WT_n12_dfdp_n7,16p11,12,7,-1.2714839587096076,-2.2424729711128077,-0.27014520592611174
Posteromedial cortical amygdaloid area,"Cortical amygdalar area, posterior part, medial zone",16p11_Golzio_WT_n12_dfdp_n7,16p11,12,7,-0.9972610919375804,-1.934887975984127,-0.03403925748846649
Perirhinal cortex,Perirhinal area,16p11_Golzio_WT_n12_dfdp_n7,16p11,12,7,1.0037573757182083,0.03971175575937642,1.9420816954026745
Temporal association area,Temporal association areas,16p11_Golzio_WT_n12_dfdp_n7,16p11,12,7,1.4125654585134613,0.389101713790486,2.4036852627053604
Primary visual cortex: monocular area,posteromedial visual area,16p11_Golzio_WT_n12_dfdp_n7,16p11,12,7,1.0154533787643203,0.04991458245476406,1.95504509231582
Secondary visual cortex: mediolateral area,Anteromedial visual area,16p11_Golzio_WT_n12_dfdp_n7,16p11,12,7,1.0910734604088883,0.1155734874548329,2.0392188836398666
Secondary visual cortex: mediomedial area,Posterior parietal association areas,16p11_Golzio_WT_n12_dfdp_n7,16p11,12,7,1.1322599015739832,0.15111392791793685,2.0853220883290793
Ventral tenia tecta,"Taenia tecta, ventral part",16p11_Golzio_WT_n12_dfdp_n7,16p11,12,7,-1.402426400894513,-2.3920359505523323,-0.3806062959225805
CA3Py Inner,"Field CA3, pyramidal layer",16p11_Golzio_WT_n12_dfdp_n7,16p11,12,7,-1.1463451493174472,-2.1011299702067108,-0.16323350860984626
Anterior olfactory nucleus,Anterior olfactory nucleus,16p11_Golzio_WT_n12_dfdp_n7,16p11,12,7,-1.301442646852656,-2.276544414752752,-0.2955416204679307
Primary auditory cortex,Primary auditory area,Kctd13_Golzio_WT_n19_HET_n21,Kctd13,19,21,-0.7437982557205312,-1.3698991102740827,-0.10860013210584284
olfactory tubercle,Olfactory tubercle,Kctd13_Golzio_WT_n19_HOM_n19,Kctd13,19,19,0.6621873808287037,0.01693016315950948,1.2987816749039371
Primary somatosensory cortex: forelimb region,"Primary somatosensory area, upper limb",Kctd13_Golzio_WT_n19_HOM_n19,Kctd13,19,19,0.6506937848515117,0.00612640144639995,1.2867311556950876
simple lobule (lobule 6),Simple lobule,Chd8_Kim_WT_n30_Chd8_n30,Chd8,30,30,0.6049735004339498,0.09106561257453248,1.1139075234853375
Olfactory bulb: granule cell layer,"Main olfactory bulb, granule layer",Kctd13_WT_n23_HET_n20,Kctd13,23,20,0.6163654301318124,0.009742977044335,1.2158453261822262
inferior olivary complex,Inferior olivary complex,Kctd13_WT_n23_KO_n23,Kctd13,23,23,0.7385208547744894,0.1460996937907801,1.323123735299655
CA3Py Inner,"Field CA3, pyramidal layer",Kctd13_WT_n23_KO_n23,Kctd13,23,23,0.6149169658209264,0.02928455054268024,1.1939060313716532
MoDG,"Dentate gyrus, molecular layer",Kctd13_WT_n23_KO_n23,Kctd13,23,23,0.755498285356895,0.16206462771682195,1.3409580059050537
GrDG,"Dentate gyrus, granule cell layer",Kctd13_WT_n23_KO_n23,Kctd13,23,23,0.8816502937234134,0.2801083452209064,1.474111491737883
PoDG,"Dentate gyrus, granule cell layer",Kctd13_WT_n23_KO_n23,Kctd13,23,23,0.9180834143140252,0.3140110653202752,1.5127714274120774
Olfactory bulb: external plexiform layer,"Main olfactory bulb, outer plexiform layer",Kctd13_WT_n23_KO_n23,Kctd13,23,23,0.7396941508196934,0.14720363904775957,1.3243556849287894
Olfactory bulb: mitral cell layer,"Main olfactory bulb, mitral layer",Kctd13_WT_n23_KO_n23,Kctd13,23,23,0.7336933339190448,0.14155651066007846,1.318056189397483
Olfactory bulb: internal plexiform layer,"Main olfactory bulb, inner plexiform layer",Kctd13_WT_n23_KO_n23,Kctd13,23,23,0.810522013665749,0.2136779535089792,1.398898726792445
Olfactory bulb: granule cell layer,"Main olfactory bulb, granule layer",Kctd13_WT_n23_KO_n23,Kctd13,23,23,0.7442789252055465,0.15151647290769477,1.3291701234698148
Posteromedial cortical amygdaloid area,"Cortical amygdalar area, posterior part, medial zone",Ube3a_Dup_WT_n13_tTA_n11,Ube3a,13,11,1.010301167712247,0.1702418163313939,1.830381489873016
Primary somatosensory cortex: hindlimb region,"Primary somatosensory area, lower limb",Ube3a_Dup_WT_n13_TRE_n10,Ube3a,13,10,0.8535175861559862,0.00941325866272382,1.679289221545597
CA3Py Outer,"Field CA3, pyramidal layer",Ube3a_Dup_WT_n13_TRE_n10,Ube3a,13,10,-0.8469173179503496,-1.6721394171301025,-0.00347820432159057
CA30r,"Field CA3, stratum oriens",Ube3a_Dup_WT_n13_TRE_n10,Ube3a,13,10,-0.8598235003326257,-1.686124329407759,-0.01507969233098326
Dorsolateral entorhinal cortex,"Entorhinal area, lateral part",Taok2_WT_n16_HET_n13,Taok2,16,13,0.7562486227112222,0.01070415327934886,1.4888532540476578
Secondary motor cortex,Secondary motor area,Taok2_WT_n16_HET_n13,Taok2,16,13,-0.7690063714167625,-1.5024443862776478,-0.02244166180163759
Cingulate cortex: area 24b',"Anterior cingulate area, dorsal part",Taok2_WT_n16_KO_n23,Taok2,16,23,-0.6794476230059457,-1.3189008726017748,-0.03135099448602672
paramedian lobule (lobule 7),Paramedian lobule,Taok2_WT_n16_KO_n23,Taok2,16,23,0.7650722076466354,0.11156823258090606,1.408985447176574
paramedian lobule (lobule 7),Paramedian lobule,Nphp1_WT_n7_Tg_n9,Nphp1,7,9,-1.1451394466348583,-2.152155984166293,-0.10438509986299171
Primary somatosensory cortex: upper lip region,"Primary somatosensory area, nose",Nphp1_WT_n7_Tg_n9,Nphp1,7,9,-1.044896718450261,-2.038411654800558,-0.01971198037976771
olfactory peduncle,Olfactory areas,Lat_WT_n9_HET_n12,Lat,9,12,1.048329435677261,0.14324844655042945,1.9297019802495856
Cingulate cortex: area 24b,"Anterior cingulate area, dorsal part",Lat_WT_n9_HET_n12,Lat,9,12,0.942480799316656,0.05015447090808277,1.812928554065307
Primary auditory cortex,Primary auditory area,Lat_WT_n9_HET_n12,Lat,9,12,-0.9469328307213304,-1.8178157095445064,-0.05409132358930572
Secondary auditory cortex: dorsal area,Dorsal auditory area,Lat_WT_n9_HET_n12,Lat,9,12,-1.002715462998449,-1.879235422340601,-0.10325624521094123
Secondary auditory cortex: ventral area,Ventral auditory area,Lat_WT_n9_HET_n12,Lat,9,12,-1.11102781896378,-1.9994204657200427,-0.1979172427429147
Dorsolateral entorhinal cortex,"Entorhinal area, lateral part",Lat_WT_n9_HET_n12,Lat,9,12,-1.7198181884044796,-2.695488504465713,-0.7124281287796286
Dorsal tenia tecta,"Taenia tecta, dorsal part",Lat_WT_n9_HET_n12,Lat,9,12,1.2051977850794005,0.27939021766570055,2.1048765600264616
Ectorhinal cortex,Ectorhinal area,Lat_WT_n9_HET_n12,Lat,9,12,-1.2065203252859111,-2.106363923807748,-0.2805290492062136
Frontal cortex: area 3,Primary motor area,Lat_WT_n9_HET_n12,Lat,9,12,-1.4245132140746708,-2.353758833528167,-0.4663331392202207
Perirhinal cortex,Perirhinal area,Lat_WT_n9_HET_n12,Lat,9,12,-1.8449572811318664,-2.842356781179574,-0.8149662222365361
Primary somatosensory cortex,Primary somatosensory area,Lat_WT_n9_HET_n12,Lat,9,12,-1.751390792592889,-2.732434491363974,-0.7383913233376629
Primary somatosensory cortex: dysgranular zone,"Primary somatosensory area, trunk",Lat_WT_n9_HET_n12,Lat,9,12,-1.0692279806746623,-1.95289568402073,-0.16150898161757363
Primary somatosensory cortex: jaw region,"Primary somatosensory area, mouth",Lat_WT_n9_HET_n12,Lat,9,12,-1.1244143519984338,-2.014357420464726,-0.20954492647926296
Primary somatosensory cortex: shoulder region,"Primary somatosensory area, trunk",Lat_WT_n9_HET_n12,Lat,9,12,-0.9428909424050104,-1.8133785179559283,-0.05051791847328333
Primary somatosensory cortex: upper lip region,"Primary somatosensory area, nose",Lat_WT_n9_HET_n12,Lat,9,12,-1.144994096771655,-2.0373560703781033,-0.227390990243107
Temporal association area,Temporal association areas,Lat_WT_n9_HET_n12,Lat,9,12,-1.2927752817818876,-2.203724394163002,-0.35449739002721187
Ventral nucleus of the endopiriform claustrum,"Endopiriform nucleus, ventral part",Lat_WT_n9_HET_n12,Lat,9,12,-1.3231249368129612,-2.23814859844082,-0.38038154381591177
Ventral orbital cortex,"Orbital area, ventrolateral part",Lat_WT_n9_HET_n12,Lat,9,12,1.0173959947666724,0.11614785105154912,1.8954540939343865
Olfactory bulb: external plexiform layer,"Main olfactory bulb, outer plexiform layer",Lat_WT_n9_HET_n12,Lat,9,12,-0.9060153664416148,-1.7729750344341957,-0.01784461689564063
Cingulate cortex: area 29c,"Retrosplenial area, ventral part",Lat_WT_n9_HOM_n9,Lat,9,9,1.0676611887597218,0.100270582327691,2.006799645879262
Ventral intermediate entorhinal cortex,"Entorhinal area, lateral part",Lat_WT_n9_HOM_n9,Lat,9,9,-1.3799431547422576,-2.3627883723021776,-0.3638325748343163
Olfactory bulb: glomerular layer,"Main olfactory bulb, glomerular layer",Lat_WT_n9_HOM_n9,Lat,9,9,-0.974258067716428,-1.90242259814629,-0.01966783432426434
Olfactory bulb: external plexiform layer,"Main olfactory bulb, outer plexiform layer",Lat_WT_n9_HOM_n9,Lat,9,9,-0.9791425729886222,-1.9078554113945487,-0.02390442451334854
Olfactory bulb: mitral cell layer,"Main olfactory bulb, mitral layer",Lat_WT_n9_HOM_n9,Lat,9,9,-0.95672642147357,-1.882944708072816,-0.00444191480679783
Cingulate cortex: area 24a',"Anterior cingulate area, ventral part",Setd5_WT_n12_HET_n11,Setd5,12,11,1.3663442268321913,0.46451318226436944,2.2425875814216547
Cingulate cortex: area 25,Infralimbic area,Setd5_WT_n12_HET_n11,Setd5,12,11,-0.8401683694055394,-1.659089215417508,-0.00698556612771771
Primary auditory cortex,Primary auditory area,Setd5_WT_n12_HET_n11,Setd5,12,11,0.9448915298696776,0.0968727909275071,1.7730607540943566
Secondary auditory cortex: dorsal area,Dorsal auditory area,Setd5_WT_n12_HET_n11,Setd5,12,11,0.9319997879378316,0.08539195288776273,1.758969888690803
Secondary auditory cortex: ventral area,Ventral auditory area,Setd5_WT_n12_HET_n11,Setd5,12,11,1.4736364741827463,0.555908459083287,2.364670203644713
Claustrum: dorsal part,Claustrum,Setd5_WT_n12_HET_n11,Setd5,12,11,1.1400036641645468,0.26887188976036963,1.9883472958980848
Dorsolateral entorhinal cortex,"Entorhinal area, lateral part",Setd5_WT_n12_HET_n11,Setd5,12,11,0.8720761644232129,0.03182906199193743,1.6936946132984148
Ectorhinal cortex,Ectorhinal area,Setd5_WT_n12_HET_n11,Setd5,12,11,0.8693043536623426,0.02934354416914085,1.6906843179064963
Frontal cortex: area 3,Primary motor area,Setd5_WT_n12_HET_n11,Setd5,12,11,0.8473135345750985,0.00959930305976065,1.6668291648988058
Medial entorhinal cortex,"Entorhinal area, medial part, ventral zone",Setd5_WT_n12_HET_n11,Setd5,12,11,1.0514539794078883,0.19121466046072116,1.8901786038627877
Primary somatosensory cortex,Primary somatosensory area,Setd5_WT_n12_HET_n11,Setd5,12,11,0.9219150438202616,0.07640031575850022,1.7479585322459454
Primary somatosensory cortex: barrel field,"Primary somatosensory area, barrel field",Setd5_WT_n12_HET_n11,Setd5,12,11,1.4228802946882797,0.5127755030489161,2.306797187657587
Primary somatosensory cortex: dysgranular zone,"Primary somatosensory area, trunk",Setd5_WT_n12_HET_n11,Setd5,12,11,1.169071146131624,0.2942228291408043,2.020735439756508
Primary somatosensory cortex: forelimb region,"Primary somatosensory area, upper limb",Setd5_WT_n12_HET_n11,Setd5,12,11,1.1532224161677826,0.2804092137069071,2.003066310246138
Primary somatosensory cortex: jaw region,"Primary somatosensory area, mouth",Setd5_WT_n12_HET_n11,Setd5,12,11,1.2192131221599252,0.3377932082298372,2.0767908739229566
Primary somatosensory cortex: upper lip region,"Primary somatosensory area, nose",Setd5_WT_n12_HET_n11,Setd5,12,11,1.4060565176148891,0.4984379967224104,2.287661671819311
Secondary somatosensory cortex,Supplemental somatosensory area,Setd5_WT_n12_HET_n11,Setd5,12,11,1.1503703034945236,0.27792073619483265,1.9998892836611395
Temporal association area,Temporal association areas,Setd5_WT_n12_HET_n11,Setd5,12,11,0.9701864676819808,0.11935686782120462,1.800758299691175
Claustrum: ventral part,Claustrum,Setd5_WT_n12_HET_n11,Setd5,12,11,0.9900282113572908,0.1369542236795848,1.822529803177045
thalamus,Thalamus,Setd5_WT_n12_HET_n11,Setd5,12,11,0.9653209673444786,0.11503624690331696,1.7954257238644824
LMol,"Field CA1, stratum lacunosum-moleculare",Setd5_WT_n12_HET_n11,Setd5,12,11,0.919621117569703,0.07435367960352646,1.7454553928813208
CA2Py,"Field CA2, pyramidal layer",Setd5_WT_n12_HET_n11,Setd5,12,11,0.8704762726357187,0.03039458712716505,1.6919569190275474
CA20r,"Field CA2, stratum oriens",Setd5_WT_n12_HET_n11,Setd5,12,11,1.0611794002309496,0.1997758767955892,1.9009233313787823
CA2Rad,"Field CA2, stratum radiatum",Setd5_WT_n12_HET_n11,Setd5,12,11,0.9340801053052344,0.08724548245997162,1.761242511455283
CA3Py Outer,"Field CA3, pyramidal layer",Setd5_WT_n12_HET_n11,Setd5,12,11,1.2303922661760267,0.34748034222960295,2.08932045405836
CA30r,"Field CA3, stratum oriens",Setd5_WT_n12_HET_n11,Setd5,12,11,1.111429898555242,0.24388445303394257,1.9565871570334403
CA3Rad,"Field CA3, stratum radiatum",Setd5_WT_n12_HET_n11,Setd5,12,11,1.19128089812622,0.31354669919309885,2.04553602386939
SLu,"Field CA3, stratum lucidum",Setd5_WT_n12_HET_n11,Setd5,12,11,1.211841171936771,0.33140017334857436,2.0685351786659685
Claustrum: dorsal part,Claustrum,Cul3_WT_n18_HET_n20,Cul3,18,20,-0.7432430066626037,-1.3848976230185104,-0.09199698142709072
flocculus (FL),Flocculus,Cul3_WT_n18_HET_n20,Cul3,18,20,-0.9383193054155888,-1.5922520216277989,-0.2727429305492958
Claustrum: ventral part,Claustrum,Cul3_WT_n18_HET_n20,Cul3,18,20,-0.722049917237934,-1.3625500326109232,-0.07219650269679365
Ventral tenia tecta,"Taenia tecta, ventral part",Cul3_WT_n18_HET_n20,Cul3,18,20,0.8875511363649093,0.2259614672161805,1.538006230471603
CA3Py Outer,"Field CA3, pyramidal layer",Cul3_WT_n18_HET_n20,Cul3,18,20,-0.7527212872176922,-1.3949042447332032,-0.10084165958873482
CA3Rad,"Field CA3, stratum radiatum",Cul3_WT_n18_HET_n20,Cul3,18,20,-0.7164676110282998,-1.3566695051357358,-0.06697558972720655
SLu,"Field CA3, stratum lucidum",Cul3_WT_n18_HET_n20,Cul3,18,20,-0.7838631648214271,-1.4278304172002352,-0.12985603020994088
Accessory olfactory bulb: granule cell layer,"Accessory olfactory bulb, granular layer",Cul3_WT_n18_HET_n20,Cul3,18,20,-0.7247010838132126,-1.3653411771986947,-0.07467476813243833
Cingulate cortex: area 24a,"Anterior cingulate area, ventral part",tcdd_WT_n21_TCDD_n34,tcdd,21,34,-0.6409407600339142,-1.1879448838636382,-0.0881880589540907
Cingulate cortex: area 24b,"Anterior cingulate area, dorsal part",tcdd_WT_n21_TCDD_n34,tcdd,21,34,-0.6511279765528178,-1.1985222862487137,-0.09790238950186488
Amygdalopiriform transition area,Postpiriform transition area,tcdd_WT_n21_TCDD_n34,tcdd,21,34,0.7264340592626954,0.16952049164960525,1.27691829292888
Dorsal intermediate entorhinal cortex,"Entorhinal area, lateral part",tcdd_WT_n21_TCDD_n34,tcdd,21,34,0.8966850724315045,0.3302091007146525,1.4554633196073714
pre-para subiculum,Subiculum,tcdd_WT_n21_TCDD_n34,tcdd,21,34,0.605618400340577,0.05445636897908368,1.151321139251272
Primary visual cortex,Primary visual area,tcdd_WT_n21_TCDD_n34,tcdd,21,34,0.729933022449831,0.17283973751653994,1.2805692759659684
Primary visual cortex: binocular area,Lateral visual area,tcdd_WT_n21_TCDD_n34,tcdd,21,34,0.5947387392647521,0.0440513696672852,1.1400568210895183
Secondary visual cortex: lateral area,Anterolateral visual area,tcdd_WT_n21_TCDD_n34,tcdd,21,34,0.7042406743937419,0.14844897934399076,1.253776592610866
Ventral intermediate entorhinal cortex,"Entorhinal area, lateral part",tcdd_WT_n21_TCDD_n34,tcdd,21,34,0.6162304216561,0.0645985169980259,1.1623156569241857
hypothalamus,Hypothalamus,tcdd_WT_n21_TCDD_n34,tcdd,21,34,0.6371685249541226,0.08458970605892263,1.184029703999218
subiculum,Subiculum,tcdd_WT_n21_TCDD_n34,tcdd,21,34,0.6454567429520136,0.09249527084119431,1.1926327736378464
olfactory peduncle,Olfactory areas,latXkctd13_WT_n19_Kctd13Het_LatHet_n22,latXkctd13,19,22,0.6943217472368075,0.0689204985664244,1.3113729703777657
striatum,Caudoputamen,latXkctd13_WT_n19_Kctd13Het_LatHet_n22,latXkctd13,19,22,0.77171337970584,0.14145773058770825,1.3928145600500286
Cingulate cortex: area 25,Infralimbic area,latXkctd13_WT_n19_Kctd13Het_LatHet_n22,latXkctd13,19,22,0.6432859399455118,0.02085346163387104,1.2579172100280462
Claustrum,Claustrum,latXkctd13_WT_n19_Kctd13Het_LatHet_n22,latXkctd13,19,22,0.7769169899014409,0.14631994518992966,1.3983067436327068
Intermediate nucleus of the endopiriform claustrum,"Endopiriform nucleus, dorsal part",latXkctd13_WT_n19_Kctd13Het_LatHet_n22,latXkctd13,19,22,0.8315802244181144,0.1972837360691589,1.4561240468615453
Lateral orbital cortex,"Orbital area, lateral part",latXkctd13_WT_n19_Kctd13Het_LatHet_n22,latXkctd13,19,22,0.6706474421949926,0.04664637463168296,1.2865511287939542
Lateral parietal association cortex,Posterior parietal association areas,latXkctd13_WT_n19_Kctd13Het_LatHet_n22,latXkctd13,19,22,-0.7705610969883928,-1.391598628217254,-0.14038099007655808
crus 1: ansiform lobule (lobule 6),Crus 1,latXkctd13_WT_n19_Kctd13Het_LatHet_n22,latXkctd13,19,22,0.7539680230051049,0.12486260479674864,1.3741002914813194
Primary somatosensory cortex: shoulder region,"Primary somatosensory area, trunk",latXkctd13_WT_n19_Kctd13Het_LatHet_n22,latXkctd13,19,22,-0.8526810737079165,-1.478502101536583,-0.21690208411331496
Primary somatosensory cortex: trunk region,"Primary somatosensory area, trunk",latXkctd13_WT_n19_Kctd13Het_LatHet_n22,latXkctd13,19,22,-0.7530820505425381,-1.3731667069094764,-0.12403343301032252
Secondary visual cortex: mediolateral area,Anteromedial visual area,latXkctd13_WT_n19_Kctd13Het_LatHet_n22,latXkctd13,19,22,-0.7543223511040295,-1.374473659459435,-0.1251941144220734
Ventral orbital cortex,"Orbital area, ventrolateral part",latXkctd13_WT_n19_Kctd13Het_LatHet_n22,latXkctd13,19,22,0.6316565398640124,0.00987419610355272,1.2457647651735249
lateral septum,Lateral septal complex,latXkctd13_WT_n19_Kctd13Het_LatHet_n22,latXkctd13,19,22,0.6610022109497206,0.03756022765419298,1.2764508677015418
CA3Py Inner,"Field CA3, pyramidal layer",latXkctd13_WT_n19_Kctd13Het_LatHet_n22,latXkctd13,19,22,0.7359719832556135,0.1080104722894097,1.3551461046937658
CA30r,"Field CA3, stratum oriens",latXkctd13_WT_n19_Kctd13Het_LatHet_n22,latXkctd13,19,22,0.8384842083578009,0.20370605366713893,1.463442493806823
MoDG,"Dentate gyrus, molecular layer",latXkctd13_WT_n19_Kctd13Het_LatHet_n22,latXkctd13,19,22,0.7154545770593869,0.088769749818330565,1.3335662723806891
GrDG,"Dentate gyrus, granule cell layer",latXkctd13_WT_n19_Kctd13Het_LatHet_n22,latXkctd13,19,22,0.7793043842873976,0.14855014366283206,1.4008272129860817
PoDG,"Dentate gyrus, granule cell layer",latXkctd13_WT_n19_Kctd13Het_LatHet_n22,latXkctd13,19,22,0.7937220661901785,0.16200946174608677,1.4160574850632182
Olfactory bulb: external plexiform layer,"Main olfactory bulb, outer plexiform layer",latXkctd13_WT_n19_Kctd13Het_LatHet_n22,latXkctd13,19,22,0.6495066888073608,0.02672199463389285,1.26442237365827
Olfactory bulb: internal plexiform layer,"Main olfactory bulb, inner plexiform layer",latXkctd13_WT_n19_Kctd13Het_LatHet_n22,latXkctd13,19,22,0.6640245588245348,0.04040820298109578,1.2796149831432404
Olfactory bulb: granule cell layer,"Main olfactory bulb, granule layer",latXkctd13_WT_n19_Kctd13Het_LatHet_n22,latXkctd13,19,22,0.7678833253034476,0.13787794092604996,1.3887733508643778
Anterior olfactory nucleus,Anterior olfactory nucleus,latXkctd13_WT_n19_Kctd13Het_LatHet_n22,latXkctd13,19,22,0.7204784151093795,0.09348355103570231,1.3388473309854192
Cingulate cortex: area 24b,"Anterior cingulate area, dorsal part",Tbr1_WT_n9_HET_n9,Tbr1,9,9,1.1264049399164695,0.15052910108264653,2.072957614889795
medial septum,Medial septal complex,Tbr1_WT_n9_HET_n9,Tbr1,9,9,1.014768292631035,0.05473216060985122,1.9475676953769985
Primary somatosensory cortex,Primary somatosensory area,Tbr1_WT_n9_HET_n9,Tbr1,9,9,-0.9834085071750882,-1.9126029415176649,-0.02760263094707104
Primary somatosensory cortex: upper lip region,"Primary somatosensory area, nose",Tbr1_WT_n9_HET_n9,Tbr1,9,9,-0.970173254410526,-1.8978809548107276,-0.01612286276739861
Temporal association area,Temporal association areas,Tbr1_WT_n9_HET_n9,Tbr1,9,9,-1.1561928238290855,-2.106652752277979,-0.1758895688327552
bed nucleus of stria terminalis,Bed nuclei of the stria terminalis,Tbr1_WT_n9_HET_n9,Tbr1,9,9,1.044370317596937,0.08025183260599222,1.980677739306568
Cingulate cortex: area 24b',"Anterior cingulate area, dorsal part",VPA_WT_n24_VPA_n30,VPA,24,30,-0.6219457095166435,-1.161347304904586,-0.07685517063578114
Medial parietal association cortex,Posterior parietal association areas,VPA_WT_n24_VPA_n30,VPA,24,30,-0.5418156634059896,-1.078385784938998,-2.3354996265260143e-4
pre-para subiculum,Subiculum,VPA_WT_n24_VPA_n30,VPA,24,30,-0.6495466344747346,-1.1900228549378762,-0.10315416075331511
Claustrum: ventral part,Claustrum,VPA_WT_n24_VPA_n30,VPA,24,30,0.5805724846835209,0.03734413682858292,1.118458441407682
Cingulate cortex: area 24a,"Anterior cingulate area, ventral part",Syngap1_WT_n16_HET_n18,Syngap1,16,18,0.7484498256478477,0.06063494771045058,1.4254236114017151
Secondary motor cortex,Secondary motor area,Syngap1_WT_n16_HET_n18,Syngap1,16,18,-0.7364987898939702,-1.4127725602426904,-0.04953352789415603
Primary somatosensory cortex: dysgranular zone,"Primary somatosensory area, trunk",Syngap1_WT_n16_HET_n18,Syngap1,16,18,0.7807207773844826,0.0905565293114533,1.4596444801036694
Primary somatosensory cortex: forelimb region,"Primary somatosensory area, upper limb",Syngap1_WT_n16_HET_n18,Syngap1,16,18,0.7397941838070489,0.05259579070499302,1.416259881236306
Cortex-amygdala transition zones,Piriform area,CMMR_New_WT_n38_otc_n10,CMMR,38,10,-1.3222473426404175,-2.052238307978884,-0.5797676395359139
Piriform cortex,Piriform area,CMMR_New_WT_n38_otc_n10,CMMR,38,10,-0.8065954059837072,-1.507051416941653,-0.09785333823994626
Primary somatosensory cortex: jaw region,"Primary somatosensory area, mouth",CMMR_New_WT_n38_pah_n15,CMMR,38,15,-0.6131945915756348,-1.2109675038766523,-0.00964946904879464
LMol,"Field CA1, stratum lacunosum-moleculare",CMMR_New_WT_n38_pah_n15,CMMR,38,15,-0.7012410047464421,-1.3022365645151055,-0.09371963038442176
CA1Rad,"Field CA1, stratum radiatum",CMMR_New_WT_n38_pah_n15,CMMR,38,15,-0.7027924550837138,-1.3038491447443687,-0.09519717816890862
MoDG,"Dentate gyrus, molecular layer",CMMR_New_WT_n38_pah_n15,CMMR,38,15,-0.6284721044473885,-1.226770229975866,-0.0242693419127767
Olfactory bulb: granule cell layer,"Main olfactory bulb, granule layer",CMMR_New_WT_n38_pah_n15,CMMR,38,15,-0.693127865769014,-1.293806724401224,-0.08599170089311456
Amygdalopiriform transition area,Postpiriform transition area,CMMR_New_WT_n38_rab39b_n14,CMMR,38,14,-0.9019176558168608,-1.5265088364358612,-0.26900914112159385
Dorsal intermediate entorhinal cortex,"Entorhinal area, lateral part",CMMR_New_WT_n38_rab39b_n14,CMMR,38,14,-0.6499672990424763,-1.2636093869233649,-0.03010624472430901
Amygdalopiriform transition area,Postpiriform transition area,CMMR_New_WT_n38_ranbp17_n11,CMMR,38,11,-0.7973479018847879,-1.472912283233701,-0.11377889455162112
Caudomedial entorhinal cortex,"Entorhinal area, medial part, dorsal zone",CMMR_New_WT_n38_ranbp17_n11,CMMR,38,11,-0.9118820012236768,-1.5927750980259023,-0.22198258522051256
Dorsal intermediate entorhinal cortex,"Entorhinal area, lateral part",CMMR_New_WT_n38_ranbp17_n11,CMMR,38,11,-0.7286782343108856,-1.401413468746959,-0.04856241698461543
Dorsolateral entorhinal cortex,"Entorhinal area, lateral part",CMMR_New_WT_n38_ranbp17_n11,CMMR,38,11,-0.833159110415533,-1.5103091717625037,-0.1476877170682008
Medial entorhinal cortex,"Entorhinal area, medial part, ventral zone",CMMR_New_WT_n38_ranbp17_n11,CMMR,38,11,-0.7666138218488994,-1.4408775561964402,-0.08462235518231295
Perirhinal cortex,Perirhinal area,CMMR_New_WT_n38_ranbp17_n11,CMMR,38,11,-0.6947035883214238,-1.3661418950129425,-0.01619974984904556
Rostral amygdalopiriform area,Piriform-amygdalar area,CMMR_New_WT_n38_ranbp17_n11,CMMR,38,11,-0.6860587712131647,-1.3571777852462272,-0.00795487413189377
Ventral intermediate entorhinal cortex,"Entorhinal area, lateral part",CMMR_New_WT_n38_ranbp17_n11,CMMR,38,11,-0.7622863509465517,-1.4363714858133938,-0.08051287138599074
Cingulate cortex: area 24a,"Anterior cingulate area, ventral part",CMMR_New_WT_n38_upf3b_n13,CMMR,38,13,-0.6628449190114668,-1.2933310203486197,-0.02588887901412065
Amygdalopiriform transition area,Postpiriform transition area,CMMR_New_WT_n38_upf3b_n13,CMMR,38,13,-0.74485502005653,-1.378521468572587,-0.1039952913733742
Frontal association cortex,"Frontal pole, cerebral cortex",CMMR_New_WT_n38_upf3b_n13,CMMR,38,13,-0.7102345704549843,-1.342509132804598,-0.0710692158707378
Primary motor cortex,Primary motor area,CMMR_New_WT_n38_upf3b_n13,CMMR,38,13,-0.6374524359198822,-1.2670361243206454,-0.00162703369221336
anterior lobule  (lobules 4-5),Lobules IV-V,CMMR_New_WT_n38_upf3b_n13,CMMR,38,13,-0.7274029601317561,-1.3603587873246574,-0.08740589123406989
Olfactory bulb: glomerular layer,"Main olfactory bulb, glomerular layer",CMMR_New_WT_n38_upf3b_n13,CMMR,38,13,0.6520148912254409,0.01554584996439688,1.2821113446255694
dentate nucleus,Dentate nucleus,CMMR_New_WT_n38_ypel2_n9,CMMR,38,9,0.7675548777128297,0.03180999170553894,1.4951773371128148
Amygdalopiriform transition area,Postpiriform transition area,CMMR_New_WT_n38_ypel2_n9,CMMR,38,9,-1.0693072305984157,-1.8114643657586025,-0.3162909522262283
Rostral amygdalopiriform area,Piriform-amygdalar area,CMMR_New_WT_n38_ypel2_n9,CMMR,38,9,-0.7821450178402267,-1.5103529180755575,-0.04567443643500318
Ventral intermediate entorhinal cortex,"Entorhinal area, lateral part",CMMR_New_WT_n38_ypel2_n9,CMMR,38,9,-0.9349839002977712,-1.670046676160927,-0.19023647984896147
copula: pyramis (lobule 8),Copula pyramidis,CMMR_New_WT_n38_ypel2_n9,CMMR,38,9,0.798355859519191,0.06106601702199615,1.5272284550131974
Cingulate cortex: area 24a,"Anterior cingulate area, ventral part",CMMR_New_WT_n38_l2hgdh_n15,CMMR,38,15,-0.7847687914718875,-1.389256509236142,-0.17306591756588033
Amygdalopiriform transition area,Postpiriform transition area,CMMR_New_WT_n38_l2hgdh_n15,CMMR,38,15,-0.9637940097464756,-1.5771591347716625,-0.3418283234790324
Dorsal intermediate entorhinal cortex,"Entorhinal area, lateral part",CMMR_New_WT_n38_l2hgdh_n15,CMMR,38,15,-0.902788110752723,-1.5129179148862797,-0.2845153037625804
Rostral amygdalopiriform area,Piriform-amygdalar area,CMMR_New_WT_n38_l2hgdh_n15,CMMR,38,15,-0.6580182368180234,-1.2573723398984036,-0.05250530992138199
Primary somatosensory cortex: shoulder region,"Primary somatosensory area, trunk",CMMR_New_WT_n38_l2hgdh_n15,CMMR,38,15,0.7416434368874593,0.13214885980209756,1.3442756761674692
Ventral intermediate entorhinal cortex,"Entorhinal area, lateral part",CMMR_New_WT_n38_l2hgdh_n15,CMMR,38,15,-0.7508009512167302,-1.3538188947382457,-0.14084544472252244
Olfactory bulb: granule cell layer,"Main olfactory bulb, granule layer",CMMR_New_WT_n38_l2hgdh_n15,CMMR,38,15,-0.6361301189849862,-1.2346969207346583,-0.0315924044780022
Primary somatosensory cortex: hindlimb region,"Primary somatosensory area, lower limb",CMMR_New_WT_n38_nexmif_n19,CMMR,38,19,0.6027213504612325,0.04543982556136293,1.1547513414622494
Primary visual cortex: binocular area,Lateral visual area,CMMR_New_WT_n38_nexmif_n19,CMMR,38,19,0.6883931360822141,0.12731841279436862,1.2435406951376506
"Accessory olfactory bulb: glomerular, external plexiform and mitral cell layer","Accessory olfactory bulb, glomerular layer",CMMR_New_WT_n38_nexmif_n19,CMMR,38,19,0.6350197122525617,0.07635802802351833,1.1881721460419563
Cingulate cortex: area 24b',"Anterior cingulate area, dorsal part",GSK3_WT_n7_Beta_n7,GSK3,7,7,1.537730611755867,0.3609278145665641,2.668808161433895
Cingulate cortex: area 29c,"Retrosplenial area, ventral part",GSK3_WT_n7_Beta_n7,GSK3,7,7,2.095539624745631,0.7865223767313442,3.354298289090451
Cingulate cortex: area 30,"Retrosplenial area, dorsal part",GSK3_WT_n7_Beta_n7,GSK3,7,7,1.1091433187914137,0.01583351125954432,2.164384540967264
Caudomedial entorhinal cortex,"Entorhinal area, medial part, dorsal zone",GSK3_WT_n7_Beta_n7,GSK3,7,7,1.5658259109845265,0.3829481670189162,2.7026171913416235
Claustrum: dorsal part,Claustrum,GSK3_WT_n7_Beta_n7,GSK3,7,7,-1.2001063087313968,-2.2695535368258835,-0.09061166674196354
Dorsal nucleus of the endopiriform,"Endopiriform nucleus, dorsal part",GSK3_WT_n7_Beta_n7,GSK3,7,7,-1.1882259061228684,-2.255756200969272,-0.08089452725320892
Insular region: not subdivided,Ectorhinal area,GSK3_WT_n7_Beta_n7,GSK3,7,7,-1.2759199895635271,-2.3580191189567965,-0.1522744485270889
Piriform cortex,Piriform area,GSK3_WT_n7_Beta_n7,GSK3,7,7,-1.211482685767726,-2.282781607970038,-0.09990197454912396
paramedian lobule (lobule 7),Paramedian lobule,GSK3_WT_n7_Beta_n7,GSK3,7,7,1.4400694543144883,0.2838415493909488,2.5519550995474582
Claustrum: ventral part,Claustrum,GSK3_WT_n7_Beta_n7,GSK3,7,7,-1.6093573709062876,-2.7551667609971062,-0.4169331798143125
Ventral nucleus of the endopiriform claustrum,"Endopiriform nucleus, ventral part",GSK3_WT_n7_Beta_n7,GSK3,7,7,-1.4291017445082963,-2.538898774117616,-0.27513047093291004
simple lobule (lobule 6),Simple lobule,GSK3_WT_n7_Beta_n7,GSK3,7,7,1.5273601637519956,0.35278231128941456,2.6563500589384534
MoDG,"Dentate gyrus, molecular layer",GSK3_WT_n7_Beta_n7,GSK3,7,7,1.163664590695322,0.06075988400921998,2.227290887288615
GrDG,"Dentate gyrus, granule cell layer",GSK3_WT_n7_Beta_n7,GSK3,7,7,1.537387829954961,0.3606587352387517,2.668396244680577
PoDG,"Dentate gyrus, granule cell layer",GSK3_WT_n7_Beta_n7,GSK3,7,7,1.8313011839941675,0.5878127779501066,3.026032877484207
Cingulate cortex: area 24b',"Anterior cingulate area, dorsal part",GSK3_WT_n7_Alpha_n6,GSK3,7,6,1.1739168868905343,0.02857548878171371,2.27640569576602
fundus of striatum,Fundus of striatum,GSK3_WT_n7_Alpha_n6,GSK3,7,6,-1.7419376474422767,-2.959069349447737,-0.4729389066680611
Dorsolateral entorhinal cortex,"Entorhinal area, lateral part",GSK3_WT_n7_Alpha_n6,GSK3,7,6,1.329166983772751,0.15313406029700655,2.459116912656019
Ventral nucleus of the endopiriform claustrum,"Endopiriform nucleus, ventral part",GSK3_WT_n7_Alpha_n6,GSK3,7,6,-1.159551504135484,-2.2596619098828077,-0.0169193229540047
nucleus accumbens,Nucleus accumbens,Itsn_WT_n10_itsn1_n15,Itsn,10,1,-1.0394095989266872,-1.8589724261715104,-0.20021817276503384
Dorsal intermediate entorhinal cortex,"Entorhinal area, lateral part",Itsn_WT_n10_itsn1_n15,Itsn,10,1,-0.880042011170882,-1.6854315922852636,-0.05741815482416922
olfactory tubercle,Olfactory tubercle,Itsn_WT_n10_itsn1_n15,Itsn,10,1,-0.983085417079768,-1.7973646056665529,-0.14999103570385555
Temporal association area,Temporal association areas,Itsn_WT_n10_itsn1_n15,Itsn,10,1,-0.8618962282448493,-1.6658261338849305,-0.0410226539581465
nucleus interpositus,Interposed nucleus,Itsn_WT_n10_itsn2_n15,Itsn,10,2,0.8726917160995111,0.05078040716520313,1.6774862401369146
medial septum,Medial septal complex,Itsn_WT_n10_DKO_n3,Itsn,10,3,-1.9250367447250636,-3.334177415756886,-0.45598694169394544
nucleus accumbens,Nucleus accumbens,Itsn_WT_n10_DKO_n3,Itsn,10,3,-2.235489057257447,-3.71762121640479,-0.6905547028935114
Lateral orbital cortex,"Orbital area, lateral part",Itsn_WT_n10_DKO_n3,Itsn,10,3,1.731526445320293,0.3062858054416876,3.099511032054415
superior olivary complex,Superior olivary complex,Itsn_WT_n10_DKO_n3,Itsn,10,3,-2.320331951454341,-3.823762707487449,-0.7535656123072326
hypothalamus,Hypothalamus,Itsn_WT_n10_DKO_n3,Itsn,10,3,2.018241992574326,0.5271018366552257,3.448437927227923
Olfactory bulb: mitral cell layer,"Main olfactory bulb, mitral layer",Itsn_WT_n10_DKO_n3,Itsn,10,3,-1.522099286808334,-2.849752341906903,-0.14089896306533284
Olfactory bulb: internal plexiform layer,"Main olfactory bulb, inner plexiform layer",Itsn_WT_n10_DKO_n3,Itsn,10,3,-1.524220519098691,-2.852258884872109,-0.1425928413993092
Secondary motor cortex,Secondary motor area,Mthfr_WT_n29_HET_n30,Mthfr,29,30,-0.5622929028606765,-1.074002973598138,-0.04585058301104277
Posterolateral cortical amygdaloid area,"Cortical amygdalar area, posterior part, lateral zone",Mthfr_WT_n29_HET_n30,Mthfr,29,30,-0.5186502305783938,-1.0289898051338755,-0.00392060949309776
Primary somatosensory cortex: barrel field,"Primary somatosensory area, barrel field",Mthfr_WT_n29_HET_n30,Mthfr,29,30,0.5345866445940847,0.0192451867122983,1.045412446777604
Primary visual cortex: binocular area,Lateral visual area,Mthfr_WT_n29_HET_n30,Mthfr,29,30,0.6145533627914165,0.09590740995140934,1.1280654929565084
Primary visual cortex: monocular area,posteromedial visual area,Mthfr_WT_n29_HET_n30,Mthfr,29,30,0.5457998807266982,0.03001841262396994,1.056977990021888
